{
    "count": 100,
    "min": 9963080.361642,
    "max": 11464539.082983,
    "avg": 10395300,
    "median": 1.03852e+07,
    "stddev": 196411,
    "p95": 10596482.835808,
    "p99": 11439558.985308
}
