{
    "count": 100,
    "min": 0.340471,
    "max": 0.391718,
    "avg": 0.375565,
    "median": 0.375814,
    "stddev": 0.00673757,
    "p95": 0.382455,
    "p99": 0.386491
}
