{
    "count": 100,
    "min": 60.313347,
    "max": 84.979253,
    "avg": 68.3286,
    "median": 68.0353,
    "stddev": 3.38441,
    "p95": 72.861819,
    "p99": 77.693475
}
