{
  "fio version" : "fio-3.33",
  "timestamp" : 1754770288,
  "timestamp_ms" : 1754770288078,
  "time" : "Sat Aug  9 20:11:28 2025",
  "jobs" : [
    {
      "jobname" : "randwrite",
      "groupid" : 0,
      "error" : 0,
      "eta" : 0,
      "elapsed" : 61,
      "job options" : {
        "name" : "randwrite",
        "rw" : "randwrite",
        "bs" : "4k",
        "size" : "512M",
        "runtime" : "60",
        "numjobs" : "1",
        "iodepth" : "32"
      },
      "read" : {
        "io_bytes" : 0,
        "io_kbytes" : 0,
        "bw_bytes" : 0,
        "bw" : 0,
        "iops" : 0.000000,
        "runtime" : 0,
        "total_ios" : 0,
        "short_ios" : 0,
        "drop_ios" : 0,
        "slat_ns" : {
          "min" : 0,
          "max" : 0,
          "mean" : 0.000000,
          "stddev" : 0.000000,
          "N" : 0
        },
        "clat_ns" : {
          "min" : 0,
          "max" : 0,
          "mean" : 0.000000,
          "stddev" : 0.000000,
          "N" : 0
        },
        "lat_ns" : {
          "min" : 0,
          "max" : 0,
          "mean" : 0.000000,
          "stddev" : 0.000000,
          "N" : 0
        },
        "bw_min" : 0,
        "bw_max" : 0,
        "bw_agg" : 0.000000,
        "bw_mean" : 0.000000,
        "bw_dev" : 0.000000,
        "bw_samples" : 0,
        "iops_min" : 0,
        "iops_max" : 0,
        "iops_mean" : 0.000000,
        "iops_stddev" : 0.000000,
        "iops_samples" : 0
      },
      "write" : {
        "io_bytes" : 357695488,
        "io_kbytes" : 349312,
        "bw_bytes" : 5957619,
        "bw" : 5817,
        "iops" : 1454.497002,
        "runtime" : 60040,
        "total_ios" : 87328,
        "short_ios" : 0,
        "drop_ios" : 0,
        "slat_ns" : {
          "min" : 0,
          "max" : 0,
          "mean" : 0.000000,
          "stddev" : 0.000000,
          "N" : 0
        },
        "clat_ns" : {
          "min" : 2732,
          "max" : 790615745,
          "mean" : 686558.958684,
          "stddev" : 9802639.300194,
          "N" : 87328,
          "percentile" : {
            "1.000000" : 2896,
            "5.000000" : 2992,
            "10.000000" : 3056,
            "20.000000" : 3152,
            "30.000000" : 3248,
            "40.000000" : 3376,
            "50.000000" : 3568,
            "60.000000" : 4320,
            "70.000000" : 10048,
            "80.000000" : 12864,
            "90.000000" : 13632,
            "95.000000" : 17280,
            "99.000000" : 76288,
            "99.500000" : 86507520,
            "99.900000" : 123207680,
            "99.950000" : 131596288,
            "99.990000" : 154140672
          }
        },
        "lat_ns" : {
          "min" : 2791,
          "max" : 790617404,
          "mean" : 686700.279429,
          "stddev" : 9802654.174267,
          "N" : 87328
        },
        "bw_min" : 8,
        "bw_max" : 499960,
        "bw_agg" : 100.000000,
        "bw_mean" : 6010.155172,
        "bw_dev" : 46293.337866,
        "bw_samples" : 116,
        "iops_min" : 2,
        "iops_max" : 124990,
        "iops_mean" : 1502.206897,
        "iops_stddev" : 11573.367295,
        "iops_samples" : 116
      },
      "trim" : {
        "io_bytes" : 0,
        "io_kbytes" : 0,
        "bw_bytes" : 0,
        "bw" : 0,
        "iops" : 0.000000,
        "runtime" : 0,
        "total_ios" : 0,
        "short_ios" : 0,
        "drop_ios" : 0,
        "slat_ns" : {
          "min" : 0,
          "max" : 0,
          "mean" : 0.000000,
          "stddev" : 0.000000,
          "N" : 0
        },
        "clat_ns" : {
          "min" : 0,
          "max" : 0,
          "mean" : 0.000000,
          "stddev" : 0.000000,
          "N" : 0
        },
        "lat_ns" : {
          "min" : 0,
          "max" : 0,
          "mean" : 0.000000,
          "stddev" : 0.000000,
          "N" : 0
        },
        "bw_min" : 0,
        "bw_max" : 0,
        "bw_agg" : 0.000000,
        "bw_mean" : 0.000000,
        "bw_dev" : 0.000000,
        "bw_samples" : 0,
        "iops_min" : 0,
        "iops_max" : 0,
        "iops_mean" : 0.000000,
        "iops_stddev" : 0.000000,
        "iops_samples" : 0
      },
      "sync" : {
        "total_ios" : 0,
        "lat_ns" : {
          "min" : 0,
          "max" : 0,
          "mean" : 0.000000,
          "stddev" : 0.000000,
          "N" : 0
        }
      },
      "job_runtime" : 60039,
      "usr_cpu" : 0.413065,
      "sys_cpu" : 0.872766,
      "ctx" : 612,
      "majf" : 0,
      "minf" : 13,
      "iodepth_level" : {
        "1" : 100.000000,
        "2" : 0.000000,
        "4" : 0.000000,
        "8" : 0.000000,
        "16" : 0.000000,
        "32" : 0.000000,
        ">=64" : 0.000000
      },
      "iodepth_submit" : {
        "0" : 0.000000,
        "4" : 100.000000,
        "8" : 0.000000,
        "16" : 0.000000,
        "32" : 0.000000,
        "64" : 0.000000,
        ">=64" : 0.000000
      },
      "iodepth_complete" : {
        "0" : 0.000000,
        "4" : 100.000000,
        "8" : 0.000000,
        "16" : 0.000000,
        "32" : 0.000000,
        "64" : 0.000000,
        ">=64" : 0.000000
      },
      "latency_ns" : {
        "2" : 0.000000,
        "4" : 0.000000,
        "10" : 0.000000,
        "20" : 0.000000,
        "50" : 0.000000,
        "100" : 0.000000,
        "250" : 0.000000,
        "500" : 0.000000,
        "750" : 0.000000,
        "1000" : 0.000000
      },
      "latency_us" : {
        "2" : 0.000000,
        "4" : 57.438622,
        "10" : 12.551530,
        "20" : 26.772627,
        "50" : 1.885993,
        "100" : 0.447737,
        "250" : 0.272536,
        "500" : 0.013741,
        "750" : 0.010000,
        "1000" : 0.010000
      },
      "latency_ms" : {
        "2" : 0.010000,
        "4" : 0.000000,
        "10" : 0.000000,
        "20" : 0.000000,
        "50" : 0.000000,
        "100" : 0.297728,
        "250" : 0.309179,
        "500" : 0.010000,
        "750" : 0.010000,
        "1000" : 0.010000,
        "2000" : 0.000000,
        ">=2000" : 0.000000
      },
      "latency_depth" : 32,
      "latency_target" : 0,
      "latency_percentile" : 100.000000,
      "latency_window" : 0
    }
  ],
  "disk_util" : [
    {
      "name" : "vda",
      "read_ios" : 0,
      "write_ios" : 5151,
      "read_merges" : 0,
      "write_merges" : 32,
      "read_ticks" : 0,
      "write_ticks" : 2979426,
      "in_queue" : 2987870,
      "util" : 99.334470
    }
  ]
}
