{
  "fio version" : "fio-3.33",
  "timestamp" : 1754759767,
  "timestamp_ms" : 1754759767403,
  "time" : "Sat Aug  9 17:16:07 2025",
  "jobs" : [
    {
      "jobname" : "randwrite",
      "groupid" : 0,
      "error" : 0,
      "eta" : 0,
      "elapsed" : 61,
      "job options" : {
        "name" : "randwrite",
        "rw" : "randwrite",
        "bs" : "4k",
        "size" : "512M",
        "runtime" : "60",
        "numjobs" : "1",
        "iodepth" : "32"
      },
      "read" : {
        "io_bytes" : 0,
        "io_kbytes" : 0,
        "bw_bytes" : 0,
        "bw" : 0,
        "iops" : 0.000000,
        "runtime" : 0,
        "total_ios" : 0,
        "short_ios" : 0,
        "drop_ios" : 0,
        "slat_ns" : {
          "min" : 0,
          "max" : 0,
          "mean" : 0.000000,
          "stddev" : 0.000000,
          "N" : 0
        },
        "clat_ns" : {
          "min" : 0,
          "max" : 0,
          "mean" : 0.000000,
          "stddev" : 0.000000,
          "N" : 0
        },
        "lat_ns" : {
          "min" : 0,
          "max" : 0,
          "mean" : 0.000000,
          "stddev" : 0.000000,
          "N" : 0
        },
        "bw_min" : 0,
        "bw_max" : 0,
        "bw_agg" : 0.000000,
        "bw_mean" : 0.000000,
        "bw_dev" : 0.000000,
        "bw_samples" : 0,
        "iops_min" : 0,
        "iops_max" : 0,
        "iops_mean" : 0.000000,
        "iops_stddev" : 0.000000,
        "iops_samples" : 0
      },
      "write" : {
        "io_bytes" : 356253696,
        "io_kbytes" : 347904,
        "bw_bytes" : 5936770,
        "bw" : 5797,
        "iops" : 1449.406746,
        "runtime" : 60008,
        "total_ios" : 86976,
        "short_ios" : 0,
        "drop_ios" : 0,
        "slat_ns" : {
          "min" : 0,
          "max" : 0,
          "mean" : 0.000000,
          "stddev" : 0.000000,
          "N" : 0
        },
        "clat_ns" : {
          "min" : 2676,
          "max" : 2401775880,
          "mean" : 688999.510704,
          "stddev" : 13463818.654662,
          "N" : 86976,
          "percentile" : {
            "1.000000" : 2864,
            "5.000000" : 2960,
            "10.000000" : 3024,
            "20.000000" : 3088,
            "30.000000" : 3184,
            "40.000000" : 3280,
            "50.000000" : 3408,
            "60.000000" : 4048,
            "70.000000" : 6368,
            "80.000000" : 13120,
            "90.000000" : 22144,
            "95.000000" : 28288,
            "99.000000" : 89600,
            "99.500000" : 70778880,
            "99.900000" : 126353408,
            "99.950000" : 130547712,
            "99.990000" : 471859200
          }
        },
        "lat_ns" : {
          "min" : 2735,
          "max" : 2401777498,
          "mean" : 689143.682361,
          "stddev" : 13463842.576873,
          "N" : 86976
        },
        "bw_min" : 7,
        "bw_max" : 507392,
        "bw_agg" : 100.000000,
        "bw_mean" : 6199.178571,
        "bw_dev" : 47849.829930,
        "bw_samples" : 112,
        "iops_min" : 1,
        "iops_max" : 126848,
        "iops_mean" : 1549.500000,
        "iops_stddev" : 11962.486753,
        "iops_samples" : 112
      },
      "trim" : {
        "io_bytes" : 0,
        "io_kbytes" : 0,
        "bw_bytes" : 0,
        "bw" : 0,
        "iops" : 0.000000,
        "runtime" : 0,
        "total_ios" : 0,
        "short_ios" : 0,
        "drop_ios" : 0,
        "slat_ns" : {
          "min" : 0,
          "max" : 0,
          "mean" : 0.000000,
          "stddev" : 0.000000,
          "N" : 0
        },
        "clat_ns" : {
          "min" : 0,
          "max" : 0,
          "mean" : 0.000000,
          "stddev" : 0.000000,
          "N" : 0
        },
        "lat_ns" : {
          "min" : 0,
          "max" : 0,
          "mean" : 0.000000,
          "stddev" : 0.000000,
          "N" : 0
        },
        "bw_min" : 0,
        "bw_max" : 0,
        "bw_agg" : 0.000000,
        "bw_mean" : 0.000000,
        "bw_dev" : 0.000000,
        "bw_samples" : 0,
        "iops_min" : 0,
        "iops_max" : 0,
        "iops_mean" : 0.000000,
        "iops_stddev" : 0.000000,
        "iops_samples" : 0
      },
      "sync" : {
        "total_ios" : 0,
        "lat_ns" : {
          "min" : 0,
          "max" : 0,
          "mean" : 0.000000,
          "stddev" : 0.000000,
          "N" : 0
        }
      },
      "job_runtime" : 60007,
      "usr_cpu" : 0.469945,
      "sys_cpu" : 1.049878,
      "ctx" : 591,
      "majf" : 0,
      "minf" : 14,
      "iodepth_level" : {
        "1" : 100.000000,
        "2" : 0.000000,
        "4" : 0.000000,
        "8" : 0.000000,
        "16" : 0.000000,
        "32" : 0.000000,
        ">=64" : 0.000000
      },
      "iodepth_submit" : {
        "0" : 0.000000,
        "4" : 100.000000,
        "8" : 0.000000,
        "16" : 0.000000,
        "32" : 0.000000,
        "64" : 0.000000,
        ">=64" : 0.000000
      },
      "iodepth_complete" : {
        "0" : 0.000000,
        "4" : 100.000000,
        "8" : 0.000000,
        "16" : 0.000000,
        "32" : 0.000000,
        "64" : 0.000000,
        ">=64" : 0.000000
      },
      "latency_ns" : {
        "2" : 0.000000,
        "4" : 0.000000,
        "10" : 0.000000,
        "20" : 0.000000,
        "50" : 0.000000,
        "100" : 0.000000,
        "250" : 0.000000,
        "500" : 0.000000,
        "750" : 0.000000,
        "1000" : 0.000000
      },
      "latency_us" : {
        "2" : 0.000000,
        "4" : 59.832597,
        "10" : 11.414643,
        "20" : 15.075423,
        "50" : 11.991814,
        "100" : 0.797921,
        "250" : 0.272489,
        "500" : 0.012647,
        "750" : 0.019546,
        "1000" : 0.010000
      },
      "latency_ms" : {
        "2" : 0.010000,
        "4" : 0.010000,
        "10" : 0.010000,
        "20" : 0.000000,
        "50" : 0.010000,
        "100" : 0.177060,
        "250" : 0.375966,
        "500" : 0.010000,
        "750" : 0.010000,
        "1000" : 0.010000,
        "2000" : 0.000000,
        ">=2000" : 0.010000
      },
      "latency_depth" : 32,
      "latency_target" : 0,
      "latency_percentile" : 100.000000,
      "latency_window" : 0
    }
  ],
  "disk_util" : [
    {
      "name" : "vda",
      "read_ios" : 0,
      "write_ios" : 5054,
      "read_merges" : 0,
      "write_merges" : 32,
      "read_ticks" : 0,
      "write_ticks" : 3090739,
      "in_queue" : 3097433,
      "util" : 99.593225
    }
  ]
}
