{
  "fio version" : "fio-3.33",
  "timestamp" : 1754755022,
  "timestamp_ms" : 1754755022035,
  "time" : "Sat Aug  9 15:57:02 2025",
  "jobs" : [
    {
      "jobname" : "seqwrite",
      "groupid" : 0,
      "error" : 0,
      "eta" : 0,
      "elapsed" : 10,
      "job options" : {
        "name" : "seqwrite",
        "rw" : "write",
        "bs" : "1M",
        "size" : "512M",
        "runtime" : "60",
        "numjobs" : "1"
      },
      "read" : {
        "io_bytes" : 0,
        "io_kbytes" : 0,
        "bw_bytes" : 0,
        "bw" : 0,
        "iops" : 0.000000,
        "runtime" : 0,
        "total_ios" : 0,
        "short_ios" : 0,
        "drop_ios" : 0,
        "slat_ns" : {
          "min" : 0,
          "max" : 0,
          "mean" : 0.000000,
          "stddev" : 0.000000,
          "N" : 0
        },
        "clat_ns" : {
          "min" : 0,
          "max" : 0,
          "mean" : 0.000000,
          "stddev" : 0.000000,
          "N" : 0
        },
        "lat_ns" : {
          "min" : 0,
          "max" : 0,
          "mean" : 0.000000,
          "stddev" : 0.000000,
          "N" : 0
        },
        "bw_min" : 0,
        "bw_max" : 0,
        "bw_agg" : 0.000000,
        "bw_mean" : 0.000000,
        "bw_dev" : 0.000000,
        "bw_samples" : 0,
        "iops_min" : 0,
        "iops_max" : 0,
        "iops_mean" : 0.000000,
        "iops_stddev" : 0.000000,
        "iops_samples" : 0
      },
      "write" : {
        "io_bytes" : 536870912,
        "io_kbytes" : 524288,
        "bw_bytes" : 58128076,
        "bw" : 56765,
        "iops" : 55.435253,
        "runtime" : 9236,
        "total_ios" : 512,
        "short_ios" : 0,
        "drop_ios" : 0,
        "slat_ns" : {
          "min" : 0,
          "max" : 0,
          "mean" : 0.000000,
          "stddev" : 0.000000,
          "N" : 0
        },
        "clat_ns" : {
          "min" : 345862,
          "max" : 511633960,
          "mean" : 12363530.404297,
          "stddev" : 34922232.504202,
          "N" : 512,
          "percentile" : {
            "1.000000" : 346112,
            "5.000000" : 350208,
            "10.000000" : 358400,
            "20.000000" : 419840,
            "30.000000" : 509952,
            "40.000000" : 667648,
            "50.000000" : 1286144,
            "60.000000" : 4882432,
            "70.000000" : 21102592,
            "80.000000" : 23986176,
            "90.000000" : 25559040,
            "95.000000" : 32112640,
            "99.000000" : 47448064,
            "99.500000" : 242221056,
            "99.900000" : 509607936,
            "99.950000" : 509607936,
            "99.990000" : 509607936
          }
        },
        "lat_ns" : {
          "min" : 354540,
          "max" : 511644725,
          "mean" : 12407307.398438,
          "stddev" : 34927633.887938,
          "N" : 512
        },
        "bw_min" : 12094,
        "bw_max" : 252105,
        "bw_agg" : 100.000000,
        "bw_mean" : 75250.750000,
        "bw_dev" : 67366.618661,
        "bw_samples" : 12,
        "iops_min" : 11,
        "iops_max" : 246,
        "iops_mean" : 73.083333,
        "iops_stddev" : 65.853085,
        "iops_samples" : 12
      },
      "trim" : {
        "io_bytes" : 0,
        "io_kbytes" : 0,
        "bw_bytes" : 0,
        "bw" : 0,
        "iops" : 0.000000,
        "runtime" : 0,
        "total_ios" : 0,
        "short_ios" : 0,
        "drop_ios" : 0,
        "slat_ns" : {
          "min" : 0,
          "max" : 0,
          "mean" : 0.000000,
          "stddev" : 0.000000,
          "N" : 0
        },
        "clat_ns" : {
          "min" : 0,
          "max" : 0,
          "mean" : 0.000000,
          "stddev" : 0.000000,
          "N" : 0
        },
        "lat_ns" : {
          "min" : 0,
          "max" : 0,
          "mean" : 0.000000,
          "stddev" : 0.000000,
          "N" : 0
        },
        "bw_min" : 0,
        "bw_max" : 0,
        "bw_agg" : 0.000000,
        "bw_mean" : 0.000000,
        "bw_dev" : 0.000000,
        "bw_samples" : 0,
        "iops_min" : 0,
        "iops_max" : 0,
        "iops_mean" : 0.000000,
        "iops_stddev" : 0.000000,
        "iops_samples" : 0
      },
      "sync" : {
        "total_ios" : 0,
        "lat_ns" : {
          "min" : 0,
          "max" : 0,
          "mean" : 0.000000,
          "stddev" : 0.000000,
          "N" : 0
        }
      },
      "job_runtime" : 9235,
      "usr_cpu" : 0.259881,
      "sys_cpu" : 9.539794,
      "ctx" : 385,
      "majf" : 0,
      "minf" : 13,
      "iodepth_level" : {
        "1" : 100.000000,
        "2" : 0.000000,
        "4" : 0.000000,
        "8" : 0.000000,
        "16" : 0.000000,
        "32" : 0.000000,
        ">=64" : 0.000000
      },
      "iodepth_submit" : {
        "0" : 0.000000,
        "4" : 100.000000,
        "8" : 0.000000,
        "16" : 0.000000,
        "32" : 0.000000,
        "64" : 0.000000,
        ">=64" : 0.000000
      },
      "iodepth_complete" : {
        "0" : 0.000000,
        "4" : 100.000000,
        "8" : 0.000000,
        "16" : 0.000000,
        "32" : 0.000000,
        "64" : 0.000000,
        ">=64" : 0.000000
      },
      "latency_ns" : {
        "2" : 0.000000,
        "4" : 0.000000,
        "10" : 0.000000,
        "20" : 0.000000,
        "50" : 0.000000,
        "100" : 0.000000,
        "250" : 0.000000,
        "500" : 0.000000,
        "750" : 0.000000,
        "1000" : 0.000000
      },
      "latency_us" : {
        "2" : 0.000000,
        "4" : 0.000000,
        "10" : 0.000000,
        "20" : 0.000000,
        "50" : 0.000000,
        "100" : 0.000000,
        "250" : 0.000000,
        "500" : 29.687500,
        "750" : 15.234375,
        "1000" : 3.320312
      },
      "latency_ms" : {
        "2" : 8.984375,
        "4" : 1.757812,
        "10" : 3.515625,
        "20" : 7.421875,
        "50" : 29.492188,
        "100" : 0.000000,
        "250" : 0.195312,
        "500" : 0.195312,
        "750" : 0.195312,
        "1000" : 0.000000,
        "2000" : 0.000000,
        ">=2000" : 0.000000
      },
      "latency_depth" : 1,
      "latency_target" : 0,
      "latency_percentile" : 100.000000,
      "latency_window" : 0
    }
  ],
  "disk_util" : [
    {
      "name" : "vda",
      "read_ios" : 0,
      "write_ios" : 392,
      "read_merges" : 0,
      "write_merges" : 12,
      "read_ticks" : 0,
      "write_ticks" : 662638,
      "in_queue" : 662639,
      "util" : 95.242271
    }
  ]
}
