{
  "fio version" : "fio-3.33",
  "timestamp" : 1754755234,
  "timestamp_ms" : 1754755234064,
  "time" : "Sat Aug  9 16:00:34 2025",
  "jobs" : [
    {
      "jobname" : "seqwrite",
      "groupid" : 0,
      "error" : 0,
      "eta" : 0,
      "elapsed" : 9,
      "job options" : {
        "name" : "seqwrite",
        "rw" : "write",
        "bs" : "1M",
        "size" : "512M",
        "runtime" : "60",
        "numjobs" : "1"
      },
      "read" : {
        "io_bytes" : 0,
        "io_kbytes" : 0,
        "bw_bytes" : 0,
        "bw" : 0,
        "iops" : 0.000000,
        "runtime" : 0,
        "total_ios" : 0,
        "short_ios" : 0,
        "drop_ios" : 0,
        "slat_ns" : {
          "min" : 0,
          "max" : 0,
          "mean" : 0.000000,
          "stddev" : 0.000000,
          "N" : 0
        },
        "clat_ns" : {
          "min" : 0,
          "max" : 0,
          "mean" : 0.000000,
          "stddev" : 0.000000,
          "N" : 0
        },
        "lat_ns" : {
          "min" : 0,
          "max" : 0,
          "mean" : 0.000000,
          "stddev" : 0.000000,
          "N" : 0
        },
        "bw_min" : 0,
        "bw_max" : 0,
        "bw_agg" : 0.000000,
        "bw_mean" : 0.000000,
        "bw_dev" : 0.000000,
        "bw_samples" : 0,
        "iops_min" : 0,
        "iops_max" : 0,
        "iops_mean" : 0.000000,
        "iops_stddev" : 0.000000,
        "iops_samples" : 0
      },
      "write" : {
        "io_bytes" : 536870912,
        "io_kbytes" : 524288,
        "bw_bytes" : 65312763,
        "bw" : 63781,
        "iops" : 62.287105,
        "runtime" : 8220,
        "total_ios" : 512,
        "short_ios" : 0,
        "drop_ios" : 0,
        "slat_ns" : {
          "min" : 0,
          "max" : 0,
          "mean" : 0.000000,
          "stddev" : 0.000000,
          "N" : 0
        },
        "clat_ns" : {
          "min" : 299493,
          "max" : 872451984,
          "mean" : 11417740.601563,
          "stddev" : 40798530.619815,
          "N" : 512,
          "percentile" : {
            "1.000000" : 350208,
            "5.000000" : 370688,
            "10.000000" : 378880,
            "20.000000" : 395264,
            "30.000000" : 411648,
            "40.000000" : 561152,
            "50.000000" : 1646592,
            "60.000000" : 11206656,
            "70.000000" : 12255232,
            "80.000000" : 15663104,
            "90.000000" : 31588352,
            "95.000000" : 31850496,
            "99.000000" : 67633152,
            "99.500000" : 100139008,
            "99.900000" : 876609536,
            "99.950000" : 876609536,
            "99.990000" : 876609536
          }
        },
        "lat_ns" : {
          "min" : 343939,
          "max" : 872521096,
          "mean" : 11470223.544922,
          "stddev" : 40803760.695759,
          "N" : 512
        },
        "bw_min" : 16384,
        "bw_max" : 394475,
        "bw_agg" : 100.000000,
        "bw_mean" : 89437.818182,
        "bw_dev" : 106384.715686,
        "bw_samples" : 11,
        "iops_min" : 16,
        "iops_max" : 385,
        "iops_mean" : 87.090909,
        "iops_stddev" : 103.889802,
        "iops_samples" : 11
      },
      "trim" : {
        "io_bytes" : 0,
        "io_kbytes" : 0,
        "bw_bytes" : 0,
        "bw" : 0,
        "iops" : 0.000000,
        "runtime" : 0,
        "total_ios" : 0,
        "short_ios" : 0,
        "drop_ios" : 0,
        "slat_ns" : {
          "min" : 0,
          "max" : 0,
          "mean" : 0.000000,
          "stddev" : 0.000000,
          "N" : 0
        },
        "clat_ns" : {
          "min" : 0,
          "max" : 0,
          "mean" : 0.000000,
          "stddev" : 0.000000,
          "N" : 0
        },
        "lat_ns" : {
          "min" : 0,
          "max" : 0,
          "mean" : 0.000000,
          "stddev" : 0.000000,
          "N" : 0
        },
        "bw_min" : 0,
        "bw_max" : 0,
        "bw_agg" : 0.000000,
        "bw_mean" : 0.000000,
        "bw_dev" : 0.000000,
        "bw_samples" : 0,
        "iops_min" : 0,
        "iops_max" : 0,
        "iops_mean" : 0.000000,
        "iops_stddev" : 0.000000,
        "iops_samples" : 0
      },
      "sync" : {
        "total_ios" : 0,
        "lat_ns" : {
          "min" : 0,
          "max" : 0,
          "mean" : 0.000000,
          "stddev" : 0.000000,
          "N" : 0
        }
      },
      "job_runtime" : 8219,
      "usr_cpu" : 0.425843,
      "sys_cpu" : 10.256722,
      "ctx" : 460,
      "majf" : 0,
      "minf" : 14,
      "iodepth_level" : {
        "1" : 100.000000,
        "2" : 0.000000,
        "4" : 0.000000,
        "8" : 0.000000,
        "16" : 0.000000,
        "32" : 0.000000,
        ">=64" : 0.000000
      },
      "iodepth_submit" : {
        "0" : 0.000000,
        "4" : 100.000000,
        "8" : 0.000000,
        "16" : 0.000000,
        "32" : 0.000000,
        "64" : 0.000000,
        ">=64" : 0.000000
      },
      "iodepth_complete" : {
        "0" : 0.000000,
        "4" : 100.000000,
        "8" : 0.000000,
        "16" : 0.000000,
        "32" : 0.000000,
        "64" : 0.000000,
        ">=64" : 0.000000
      },
      "latency_ns" : {
        "2" : 0.000000,
        "4" : 0.000000,
        "10" : 0.000000,
        "20" : 0.000000,
        "50" : 0.000000,
        "100" : 0.000000,
        "250" : 0.000000,
        "500" : 0.000000,
        "750" : 0.000000,
        "1000" : 0.000000
      },
      "latency_us" : {
        "2" : 0.000000,
        "4" : 0.000000,
        "10" : 0.000000,
        "20" : 0.000000,
        "50" : 0.000000,
        "100" : 0.000000,
        "250" : 0.000000,
        "500" : 38.867188,
        "750" : 5.078125,
        "1000" : 2.343750
      },
      "latency_ms" : {
        "2" : 6.250000,
        "4" : 2.929688,
        "10" : 3.710938,
        "20" : 23.046875,
        "50" : 15.820312,
        "100" : 1.562500,
        "250" : 0.195312,
        "500" : 0.000000,
        "750" : 0.000000,
        "1000" : 0.195312,
        "2000" : 0.000000,
        ">=2000" : 0.000000
      },
      "latency_depth" : 1,
      "latency_target" : 0,
      "latency_percentile" : 100.000000,
      "latency_window" : 0
    }
  ],
  "disk_util" : [
    {
      "name" : "vda",
      "read_ios" : 0,
      "write_ios" : 483,
      "read_merges" : 0,
      "write_merges" : 10,
      "read_ticks" : 0,
      "write_ticks" : 806349,
      "in_queue" : 806350,
      "util" : 95.664810
    }
  ]
}
