{
  "fio version" : "fio-3.33",
  "timestamp" : 1754755012,
  "timestamp_ms" : 1754755012164,
  "time" : "Sat Aug  9 15:56:52 2025",
  "jobs" : [
    {
      "jobname" : "seqwrite",
      "groupid" : 0,
      "error" : 0,
      "eta" : 0,
      "elapsed" : 10,
      "job options" : {
        "name" : "seqwrite",
        "rw" : "write",
        "bs" : "1M",
        "size" : "512M",
        "runtime" : "60",
        "numjobs" : "1"
      },
      "read" : {
        "io_bytes" : 0,
        "io_kbytes" : 0,
        "bw_bytes" : 0,
        "bw" : 0,
        "iops" : 0.000000,
        "runtime" : 0,
        "total_ios" : 0,
        "short_ios" : 0,
        "drop_ios" : 0,
        "slat_ns" : {
          "min" : 0,
          "max" : 0,
          "mean" : 0.000000,
          "stddev" : 0.000000,
          "N" : 0
        },
        "clat_ns" : {
          "min" : 0,
          "max" : 0,
          "mean" : 0.000000,
          "stddev" : 0.000000,
          "N" : 0
        },
        "lat_ns" : {
          "min" : 0,
          "max" : 0,
          "mean" : 0.000000,
          "stddev" : 0.000000,
          "N" : 0
        },
        "bw_min" : 0,
        "bw_max" : 0,
        "bw_agg" : 0.000000,
        "bw_mean" : 0.000000,
        "bw_dev" : 0.000000,
        "bw_samples" : 0,
        "iops_min" : 0,
        "iops_max" : 0,
        "iops_mean" : 0.000000,
        "iops_stddev" : 0.000000,
        "iops_samples" : 0
      },
      "write" : {
        "io_bytes" : 536870912,
        "io_kbytes" : 524288,
        "bw_bytes" : 55193884,
        "bw" : 53900,
        "iops" : 52.636990,
        "runtime" : 9727,
        "total_ios" : 512,
        "short_ios" : 0,
        "drop_ios" : 0,
        "slat_ns" : {
          "min" : 0,
          "max" : 0,
          "mean" : 0.000000,
          "stddev" : 0.000000,
          "N" : 0
        },
        "clat_ns" : {
          "min" : 275567,
          "max" : 1754078528,
          "mean" : 14582351.625000,
          "stddev" : 81590734.458578,
          "N" : 512,
          "percentile" : {
            "1.000000" : 305152,
            "5.000000" : 350208,
            "10.000000" : 374784,
            "20.000000" : 428032,
            "30.000000" : 448512,
            "40.000000" : 501760,
            "50.000000" : 708608,
            "60.000000" : 12255232,
            "70.000000" : 15925248,
            "80.000000" : 22413312,
            "90.000000" : 23986176,
            "95.000000" : 31850496,
            "99.000000" : 95944704,
            "99.500000" : 208666624,
            "99.900000" : 1753219072,
            "99.950000" : 1753219072,
            "99.990000" : 1753219072
          }
        },
        "lat_ns" : {
          "min" : 293326,
          "max" : 1754146503,
          "mean" : 14626568.361328,
          "stddev" : 81594918.699311,
          "N" : 512
        },
        "bw_min" : 14336,
        "bw_max" : 332054,
        "bw_agg" : 100.000000,
        "bw_mean" : 78614.076923,
        "bw_dev" : 87226.451719,
        "bw_samples" : 13,
        "iops_min" : 14,
        "iops_max" : 324,
        "iops_mean" : 76.461538,
        "iops_stddev" : 85.126000,
        "iops_samples" : 13
      },
      "trim" : {
        "io_bytes" : 0,
        "io_kbytes" : 0,
        "bw_bytes" : 0,
        "bw" : 0,
        "iops" : 0.000000,
        "runtime" : 0,
        "total_ios" : 0,
        "short_ios" : 0,
        "drop_ios" : 0,
        "slat_ns" : {
          "min" : 0,
          "max" : 0,
          "mean" : 0.000000,
          "stddev" : 0.000000,
          "N" : 0
        },
        "clat_ns" : {
          "min" : 0,
          "max" : 0,
          "mean" : 0.000000,
          "stddev" : 0.000000,
          "N" : 0
        },
        "lat_ns" : {
          "min" : 0,
          "max" : 0,
          "mean" : 0.000000,
          "stddev" : 0.000000,
          "N" : 0
        },
        "bw_min" : 0,
        "bw_max" : 0,
        "bw_agg" : 0.000000,
        "bw_mean" : 0.000000,
        "bw_dev" : 0.000000,
        "bw_samples" : 0,
        "iops_min" : 0,
        "iops_max" : 0,
        "iops_mean" : 0.000000,
        "iops_stddev" : 0.000000,
        "iops_samples" : 0
      },
      "sync" : {
        "total_ios" : 0,
        "lat_ns" : {
          "min" : 0,
          "max" : 0,
          "mean" : 0.000000,
          "stddev" : 0.000000,
          "N" : 0
        }
      },
      "job_runtime" : 9726,
      "usr_cpu" : 0.123381,
      "sys_cpu" : 9.191857,
      "ctx" : 458,
      "majf" : 0,
      "minf" : 12,
      "iodepth_level" : {
        "1" : 100.000000,
        "2" : 0.000000,
        "4" : 0.000000,
        "8" : 0.000000,
        "16" : 0.000000,
        "32" : 0.000000,
        ">=64" : 0.000000
      },
      "iodepth_submit" : {
        "0" : 0.000000,
        "4" : 100.000000,
        "8" : 0.000000,
        "16" : 0.000000,
        "32" : 0.000000,
        "64" : 0.000000,
        ">=64" : 0.000000
      },
      "iodepth_complete" : {
        "0" : 0.000000,
        "4" : 100.000000,
        "8" : 0.000000,
        "16" : 0.000000,
        "32" : 0.000000,
        "64" : 0.000000,
        ">=64" : 0.000000
      },
      "latency_ns" : {
        "2" : 0.000000,
        "4" : 0.000000,
        "10" : 0.000000,
        "20" : 0.000000,
        "50" : 0.000000,
        "100" : 0.000000,
        "250" : 0.000000,
        "500" : 0.000000,
        "750" : 0.000000,
        "1000" : 0.000000
      },
      "latency_us" : {
        "2" : 0.000000,
        "4" : 0.000000,
        "10" : 0.000000,
        "20" : 0.000000,
        "50" : 0.000000,
        "100" : 0.000000,
        "250" : 0.000000,
        "500" : 39.843750,
        "750" : 10.937500,
        "1000" : 0.585938
      },
      "latency_ms" : {
        "2" : 3.125000,
        "4" : 1.171875,
        "10" : 2.148438,
        "20" : 19.921875,
        "50" : 20.703125,
        "100" : 0.585938,
        "250" : 0.585938,
        "500" : 0.195312,
        "750" : 0.000000,
        "1000" : 0.000000,
        "2000" : 0.195312,
        ">=2000" : 0.000000
      },
      "latency_depth" : 1,
      "latency_target" : 0,
      "latency_percentile" : 100.000000,
      "latency_window" : 0
    }
  ],
  "disk_util" : [
    {
      "name" : "vda",
      "read_ios" : 0,
      "write_ios" : 435,
      "read_merges" : 0,
      "write_merges" : 11,
      "read_ticks" : 0,
      "write_ticks" : 782072,
      "in_queue" : 782073,
      "util" : 91.869168
    }
  ]
}
