{
  "fio version" : "fio-3.33",
  "timestamp" : 1754755091,
  "timestamp_ms" : 1754755091201,
  "time" : "Sat Aug  9 15:58:11 2025",
  "jobs" : [
    {
      "jobname" : "seqwrite",
      "groupid" : 0,
      "error" : 0,
      "eta" : 0,
      "elapsed" : 12,
      "job options" : {
        "name" : "seqwrite",
        "rw" : "write",
        "bs" : "1M",
        "size" : "512M",
        "runtime" : "60",
        "numjobs" : "1"
      },
      "read" : {
        "io_bytes" : 0,
        "io_kbytes" : 0,
        "bw_bytes" : 0,
        "bw" : 0,
        "iops" : 0.000000,
        "runtime" : 0,
        "total_ios" : 0,
        "short_ios" : 0,
        "drop_ios" : 0,
        "slat_ns" : {
          "min" : 0,
          "max" : 0,
          "mean" : 0.000000,
          "stddev" : 0.000000,
          "N" : 0
        },
        "clat_ns" : {
          "min" : 0,
          "max" : 0,
          "mean" : 0.000000,
          "stddev" : 0.000000,
          "N" : 0
        },
        "lat_ns" : {
          "min" : 0,
          "max" : 0,
          "mean" : 0.000000,
          "stddev" : 0.000000,
          "N" : 0
        },
        "bw_min" : 0,
        "bw_max" : 0,
        "bw_agg" : 0.000000,
        "bw_mean" : 0.000000,
        "bw_dev" : 0.000000,
        "bw_samples" : 0,
        "iops_min" : 0,
        "iops_max" : 0,
        "iops_mean" : 0.000000,
        "iops_stddev" : 0.000000,
        "iops_samples" : 0
      },
      "write" : {
        "io_bytes" : 536870912,
        "io_kbytes" : 524288,
        "bw_bytes" : 48528510,
        "bw" : 47391,
        "iops" : 46.280394,
        "runtime" : 11063,
        "total_ios" : 512,
        "short_ios" : 0,
        "drop_ios" : 0,
        "slat_ns" : {
          "min" : 0,
          "max" : 0,
          "mean" : 0.000000,
          "stddev" : 0.000000,
          "N" : 0
        },
        "clat_ns" : {
          "min" : 234818,
          "max" : 792649058,
          "mean" : 13048721.054687,
          "stddev" : 40210254.929825,
          "N" : 512,
          "percentile" : {
            "1.000000" : 236544,
            "5.000000" : 346112,
            "10.000000" : 350208,
            "20.000000" : 370688,
            "30.000000" : 395264,
            "40.000000" : 440320,
            "50.000000" : 1613824,
            "60.000000" : 11862016,
            "70.000000" : 12386304,
            "80.000000" : 23199744,
            "90.000000" : 31850496,
            "95.000000" : 32374784,
            "99.000000" : 107479040,
            "99.500000" : 204472320,
            "99.900000" : 792723456,
            "99.950000" : 792723456,
            "99.990000" : 792723456
          }
        },
        "lat_ns" : {
          "min" : 248506,
          "max" : 792738436,
          "mean" : 13091219.824219,
          "stddev" : 40219385.276271,
          "N" : 512
        },
        "bw_min" : 6144,
        "bw_max" : 410826,
        "bw_agg" : 100.000000,
        "bw_mean" : 83864.750000,
        "bw_dev" : 107454.905821,
        "bw_samples" : 12,
        "iops_min" : 6,
        "iops_max" : 401,
        "iops_mean" : 81.583333,
        "iops_stddev" : 104.992171,
        "iops_samples" : 12
      },
      "trim" : {
        "io_bytes" : 0,
        "io_kbytes" : 0,
        "bw_bytes" : 0,
        "bw" : 0,
        "iops" : 0.000000,
        "runtime" : 0,
        "total_ios" : 0,
        "short_ios" : 0,
        "drop_ios" : 0,
        "slat_ns" : {
          "min" : 0,
          "max" : 0,
          "mean" : 0.000000,
          "stddev" : 0.000000,
          "N" : 0
        },
        "clat_ns" : {
          "min" : 0,
          "max" : 0,
          "mean" : 0.000000,
          "stddev" : 0.000000,
          "N" : 0
        },
        "lat_ns" : {
          "min" : 0,
          "max" : 0,
          "mean" : 0.000000,
          "stddev" : 0.000000,
          "N" : 0
        },
        "bw_min" : 0,
        "bw_max" : 0,
        "bw_agg" : 0.000000,
        "bw_mean" : 0.000000,
        "bw_dev" : 0.000000,
        "bw_samples" : 0,
        "iops_min" : 0,
        "iops_max" : 0,
        "iops_mean" : 0.000000,
        "iops_stddev" : 0.000000,
        "iops_samples" : 0
      },
      "sync" : {
        "total_ios" : 0,
        "lat_ns" : {
          "min" : 0,
          "max" : 0,
          "mean" : 0.000000,
          "stddev" : 0.000000,
          "N" : 0
        }
      },
      "job_runtime" : 11062,
      "usr_cpu" : 0.198879,
      "sys_cpu" : 7.756283,
      "ctx" : 675,
      "majf" : 0,
      "minf" : 15,
      "iodepth_level" : {
        "1" : 100.000000,
        "2" : 0.000000,
        "4" : 0.000000,
        "8" : 0.000000,
        "16" : 0.000000,
        "32" : 0.000000,
        ">=64" : 0.000000
      },
      "iodepth_submit" : {
        "0" : 0.000000,
        "4" : 100.000000,
        "8" : 0.000000,
        "16" : 0.000000,
        "32" : 0.000000,
        "64" : 0.000000,
        ">=64" : 0.000000
      },
      "iodepth_complete" : {
        "0" : 0.000000,
        "4" : 100.000000,
        "8" : 0.000000,
        "16" : 0.000000,
        "32" : 0.000000,
        "64" : 0.000000,
        ">=64" : 0.000000
      },
      "latency_ns" : {
        "2" : 0.000000,
        "4" : 0.000000,
        "10" : 0.000000,
        "20" : 0.000000,
        "50" : 0.000000,
        "100" : 0.000000,
        "250" : 0.000000,
        "500" : 0.000000,
        "750" : 0.000000,
        "1000" : 0.000000
      },
      "latency_us" : {
        "2" : 0.000000,
        "4" : 0.000000,
        "10" : 0.000000,
        "20" : 0.000000,
        "50" : 0.000000,
        "100" : 0.000000,
        "250" : 2.734375,
        "500" : 39.648438,
        "750" : 2.148438,
        "1000" : 0.976562
      },
      "latency_ms" : {
        "2" : 6.445312,
        "4" : 4.687500,
        "10" : 1.171875,
        "20" : 19.726562,
        "50" : 19.921875,
        "100" : 1.367188,
        "250" : 0.976562,
        "500" : 0.000000,
        "750" : 0.000000,
        "1000" : 0.195312,
        "2000" : 0.000000,
        ">=2000" : 0.000000
      },
      "latency_depth" : 1,
      "latency_target" : 0,
      "latency_percentile" : 100.000000,
      "latency_window" : 0
    }
  ],
  "disk_util" : [
    {
      "name" : "vda",
      "read_ios" : 0,
      "write_ios" : 405,
      "read_merges" : 0,
      "write_merges" : 13,
      "read_ticks" : 0,
      "write_ticks" : 692396,
      "in_queue" : 692399,
      "util" : 91.616061
    }
  ]
}
