{
  "fio version" : "fio-3.33",
  "timestamp" : 1754838276,
  "timestamp_ms" : 1754838276890,
  "time" : "Sun Aug 10 17:04:36 2025",
  "jobs" : [
    {
      "jobname" : "randread",
      "groupid" : 0,
      "error" : 0,
      "eta" : 0,
      "elapsed" : 40,
      "job options" : {
        "name" : "randread",
        "rw" : "randread",
        "bs" : "4k",
        "size" : "512M",
        "runtime" : "60",
        "numjobs" : "1",
        "iodepth" : "32"
      },
      "read" : {
        "io_bytes" : 536870912,
        "io_kbytes" : 524288,
        "bw_bytes" : 13642785,
        "bw" : 13323,
        "iops" : 3330.758284,
        "runtime" : 39352,
        "total_ios" : 131072,
        "short_ios" : 0,
        "drop_ios" : 0,
        "slat_ns" : {
          "min" : 0,
          "max" : 0,
          "mean" : 0.000000,
          "stddev" : 0.000000,
          "N" : 0
        },
        "clat_ns" : {
          "min" : 125953,
          "max" : 11773808,
          "mean" : 296960.347618,
          "stddev" : 136270.116588,
          "N" : 131072,
          "percentile" : {
            "1.000000" : 185344,
            "5.000000" : 199680,
            "10.000000" : 209920,
            "20.000000" : 230400,
            "30.000000" : 248832,
            "40.000000" : 268288,
            "50.000000" : 284672,
            "60.000000" : 305152,
            "70.000000" : 325632,
            "80.000000" : 350208,
            "90.000000" : 387072,
            "95.000000" : 419840,
            "99.000000" : 505856,
            "99.500000" : 643072,
            "99.900000" : 1105920,
            "99.950000" : 1400832,
            "99.990000" : 4358144
          }
        },
        "lat_ns" : {
          "min" : 126268,
          "max" : 11774471,
          "mean" : 297248.275948,
          "stddev" : 136320.425987,
          "N" : 131072
        },
        "bw_min" : 10480,
        "bw_max" : 16736,
        "bw_agg" : 100.000000,
        "bw_mean" : 13333.333333,
        "bw_dev" : 1754.678456,
        "bw_samples" : 78,
        "iops_min" : 2620,
        "iops_max" : 4184,
        "iops_mean" : 3333.333333,
        "iops_stddev" : 438.669614,
        "iops_samples" : 78
      },
      "write" : {
        "io_bytes" : 0,
        "io_kbytes" : 0,
        "bw_bytes" : 0,
        "bw" : 0,
        "iops" : 0.000000,
        "runtime" : 0,
        "total_ios" : 0,
        "short_ios" : 0,
        "drop_ios" : 0,
        "slat_ns" : {
          "min" : 0,
          "max" : 0,
          "mean" : 0.000000,
          "stddev" : 0.000000,
          "N" : 0
        },
        "clat_ns" : {
          "min" : 0,
          "max" : 0,
          "mean" : 0.000000,
          "stddev" : 0.000000,
          "N" : 0
        },
        "lat_ns" : {
          "min" : 0,
          "max" : 0,
          "mean" : 0.000000,
          "stddev" : 0.000000,
          "N" : 0
        },
        "bw_min" : 0,
        "bw_max" : 0,
        "bw_agg" : 0.000000,
        "bw_mean" : 0.000000,
        "bw_dev" : 0.000000,
        "bw_samples" : 0,
        "iops_min" : 0,
        "iops_max" : 0,
        "iops_mean" : 0.000000,
        "iops_stddev" : 0.000000,
        "iops_samples" : 0
      },
      "trim" : {
        "io_bytes" : 0,
        "io_kbytes" : 0,
        "bw_bytes" : 0,
        "bw" : 0,
        "iops" : 0.000000,
        "runtime" : 0,
        "total_ios" : 0,
        "short_ios" : 0,
        "drop_ios" : 0,
        "slat_ns" : {
          "min" : 0,
          "max" : 0,
          "mean" : 0.000000,
          "stddev" : 0.000000,
          "N" : 0
        },
        "clat_ns" : {
          "min" : 0,
          "max" : 0,
          "mean" : 0.000000,
          "stddev" : 0.000000,
          "N" : 0
        },
        "lat_ns" : {
          "min" : 0,
          "max" : 0,
          "mean" : 0.000000,
          "stddev" : 0.000000,
          "N" : 0
        },
        "bw_min" : 0,
        "bw_max" : 0,
        "bw_agg" : 0.000000,
        "bw_mean" : 0.000000,
        "bw_dev" : 0.000000,
        "bw_samples" : 0,
        "iops_min" : 0,
        "iops_max" : 0,
        "iops_mean" : 0.000000,
        "iops_stddev" : 0.000000,
        "iops_samples" : 0
      },
      "sync" : {
        "total_ios" : 0,
        "lat_ns" : {
          "min" : 0,
          "max" : 0,
          "mean" : 0.000000,
          "stddev" : 0.000000,
          "N" : 0
        }
      },
      "job_runtime" : 39351,
      "usr_cpu" : 1.209626,
      "sys_cpu" : 32.375289,
      "ctx" : 136567,
      "majf" : 0,
      "minf" : 12,
      "iodepth_level" : {
        "1" : 100.000000,
        "2" : 0.000000,
        "4" : 0.000000,
        "8" : 0.000000,
        "16" : 0.000000,
        "32" : 0.000000,
        ">=64" : 0.000000
      },
      "iodepth_submit" : {
        "0" : 0.000000,
        "4" : 100.000000,
        "8" : 0.000000,
        "16" : 0.000000,
        "32" : 0.000000,
        "64" : 0.000000,
        ">=64" : 0.000000
      },
      "iodepth_complete" : {
        "0" : 0.000000,
        "4" : 100.000000,
        "8" : 0.000000,
        "16" : 0.000000,
        "32" : 0.000000,
        "64" : 0.000000,
        ">=64" : 0.000000
      },
      "latency_ns" : {
        "2" : 0.000000,
        "4" : 0.000000,
        "10" : 0.000000,
        "20" : 0.000000,
        "50" : 0.000000,
        "100" : 0.000000,
        "250" : 0.000000,
        "500" : 0.000000,
        "750" : 0.000000,
        "1000" : 0.000000
      },
      "latency_us" : {
        "2" : 0.000000,
        "4" : 0.000000,
        "10" : 0.000000,
        "20" : 0.000000,
        "50" : 0.000000,
        "100" : 0.000000,
        "250" : 30.482483,
        "500" : 68.422699,
        "750" : 0.793457,
        "1000" : 0.170135
      },
      "latency_ms" : {
        "2" : 0.103760,
        "4" : 0.015259,
        "10" : 0.010000,
        "20" : 0.010000,
        "50" : 0.000000,
        "100" : 0.000000,
        "250" : 0.000000,
        "500" : 0.000000,
        "750" : 0.000000,
        "1000" : 0.000000,
        "2000" : 0.000000,
        ">=2000" : 0.000000
      },
      "latency_depth" : 32,
      "latency_target" : 0,
      "latency_percentile" : 100.000000,
      "latency_window" : 0
    }
  ],
  "disk_util" : [
    {
      "name" : "sda",
      "read_ios" : 130321,
      "write_ios" : 742,
      "read_merges" : 0,
      "write_merges" : 178,
      "read_ticks" : 35330,
      "write_ticks" : 331,
      "in_queue" : 35660,
      "util" : 88.217430
    }
  ]
}
