{
  "fio version" : "fio-3.33",
  "timestamp" : 1754840884,
  "timestamp_ms" : 1754840884106,
  "time" : "Sun Aug 10 17:48:04 2025",
  "jobs" : [
    {
      "jobname" : "randwrite",
      "groupid" : 0,
      "error" : 0,
      "eta" : 0,
      "elapsed" : 3,
      "job options" : {
        "name" : "randwrite",
        "rw" : "randwrite",
        "bs" : "4k",
        "size" : "512M",
        "runtime" : "60",
        "numjobs" : "1",
        "iodepth" : "32"
      },
      "read" : {
        "io_bytes" : 0,
        "io_kbytes" : 0,
        "bw_bytes" : 0,
        "bw" : 0,
        "iops" : 0.000000,
        "runtime" : 0,
        "total_ios" : 0,
        "short_ios" : 0,
        "drop_ios" : 0,
        "slat_ns" : {
          "min" : 0,
          "max" : 0,
          "mean" : 0.000000,
          "stddev" : 0.000000,
          "N" : 0
        },
        "clat_ns" : {
          "min" : 0,
          "max" : 0,
          "mean" : 0.000000,
          "stddev" : 0.000000,
          "N" : 0
        },
        "lat_ns" : {
          "min" : 0,
          "max" : 0,
          "mean" : 0.000000,
          "stddev" : 0.000000,
          "N" : 0
        },
        "bw_min" : 0,
        "bw_max" : 0,
        "bw_agg" : 0.000000,
        "bw_mean" : 0.000000,
        "bw_dev" : 0.000000,
        "bw_samples" : 0,
        "iops_min" : 0,
        "iops_max" : 0,
        "iops_mean" : 0.000000,
        "iops_stddev" : 0.000000,
        "iops_samples" : 0
      },
      "write" : {
        "io_bytes" : 536870912,
        "io_kbytes" : 524288,
        "bw_bytes" : 255409568,
        "bw" : 249423,
        "iops" : 62355.851570,
        "runtime" : 2102,
        "total_ios" : 131072,
        "short_ios" : 0,
        "drop_ios" : 0,
        "slat_ns" : {
          "min" : 0,
          "max" : 0,
          "mean" : 0.000000,
          "stddev" : 0.000000,
          "N" : 0
        },
        "clat_ns" : {
          "min" : 2064,
          "max" : 14375907,
          "mean" : 8268.515358,
          "stddev" : 183145.799596,
          "N" : 131072,
          "percentile" : {
            "1.000000" : 2352,
            "5.000000" : 2480,
            "10.000000" : 2544,
            "20.000000" : 2672,
            "30.000000" : 2768,
            "40.000000" : 2864,
            "50.000000" : 2960,
            "60.000000" : 3120,
            "70.000000" : 3472,
            "80.000000" : 4080,
            "90.000000" : 4704,
            "95.000000" : 5856,
            "99.000000" : 27776,
            "99.500000" : 60160,
            "99.900000" : 610304,
            "99.950000" : 1204224,
            "99.990000" : 10158080
          }
        },
        "lat_ns" : {
          "min" : 2107,
          "max" : 14375981,
          "mean" : 8357.976334,
          "stddev" : 183168.745009,
          "N" : 131072
        },
        "bw_min" : 171144,
        "bw_max" : 496127,
        "bw_agg" : 100.000000,
        "bw_mean" : 328015.000000,
        "bw_dev" : 162782.854235,
        "bw_samples" : 3,
        "iops_min" : 42786,
        "iops_max" : 124031,
        "iops_mean" : 82003.333333,
        "iops_stddev" : 40695.343546,
        "iops_samples" : 3
      },
      "trim" : {
        "io_bytes" : 0,
        "io_kbytes" : 0,
        "bw_bytes" : 0,
        "bw" : 0,
        "iops" : 0.000000,
        "runtime" : 0,
        "total_ios" : 0,
        "short_ios" : 0,
        "drop_ios" : 0,
        "slat_ns" : {
          "min" : 0,
          "max" : 0,
          "mean" : 0.000000,
          "stddev" : 0.000000,
          "N" : 0
        },
        "clat_ns" : {
          "min" : 0,
          "max" : 0,
          "mean" : 0.000000,
          "stddev" : 0.000000,
          "N" : 0
        },
        "lat_ns" : {
          "min" : 0,
          "max" : 0,
          "mean" : 0.000000,
          "stddev" : 0.000000,
          "N" : 0
        },
        "bw_min" : 0,
        "bw_max" : 0,
        "bw_agg" : 0.000000,
        "bw_mean" : 0.000000,
        "bw_dev" : 0.000000,
        "bw_samples" : 0,
        "iops_min" : 0,
        "iops_max" : 0,
        "iops_mean" : 0.000000,
        "iops_stddev" : 0.000000,
        "iops_samples" : 0
      },
      "sync" : {
        "total_ios" : 0,
        "lat_ns" : {
          "min" : 0,
          "max" : 0,
          "mean" : 0.000000,
          "stddev" : 0.000000,
          "N" : 0
        }
      },
      "job_runtime" : 2101,
      "usr_cpu" : 8.948120,
      "sys_cpu" : 41.504046,
      "ctx" : 3012,
      "majf" : 0,
      "minf" : 11,
      "iodepth_level" : {
        "1" : 100.000000,
        "2" : 0.000000,
        "4" : 0.000000,
        "8" : 0.000000,
        "16" : 0.000000,
        "32" : 0.000000,
        ">=64" : 0.000000
      },
      "iodepth_submit" : {
        "0" : 0.000000,
        "4" : 100.000000,
        "8" : 0.000000,
        "16" : 0.000000,
        "32" : 0.000000,
        "64" : 0.000000,
        ">=64" : 0.000000
      },
      "iodepth_complete" : {
        "0" : 0.000000,
        "4" : 100.000000,
        "8" : 0.000000,
        "16" : 0.000000,
        "32" : 0.000000,
        "64" : 0.000000,
        ">=64" : 0.000000
      },
      "latency_ns" : {
        "2" : 0.000000,
        "4" : 0.000000,
        "10" : 0.000000,
        "20" : 0.000000,
        "50" : 0.000000,
        "100" : 0.000000,
        "250" : 0.000000,
        "500" : 0.000000,
        "750" : 0.000000,
        "1000" : 0.000000
      },
      "latency_us" : {
        "2" : 0.000000,
        "4" : 78.716278,
        "10" : 19.071198,
        "20" : 0.995636,
        "50" : 0.646210,
        "100" : 0.183868,
        "250" : 0.171661,
        "500" : 0.093079,
        "750" : 0.048828,
        "1000" : 0.014496
      },
      "latency_ms" : {
        "2" : 0.023651,
        "4" : 0.010000,
        "10" : 0.019836,
        "20" : 0.010681,
        "50" : 0.000000,
        "100" : 0.000000,
        "250" : 0.000000,
        "500" : 0.000000,
        "750" : 0.000000,
        "1000" : 0.000000,
        "2000" : 0.000000,
        ">=2000" : 0.000000
      },
      "latency_depth" : 32,
      "latency_target" : 0,
      "latency_percentile" : 100.000000,
      "latency_window" : 0
    }
  ],
  "disk_util" : [
    {
      "name" : "sda",
      "read_ios" : 0,
      "write_ios" : 19398,
      "read_merges" : 0,
      "write_merges" : 19,
      "read_ticks" : 0,
      "write_ticks" : 15473,
      "in_queue" : 15473,
      "util" : 72.250252
    }
  ]
}
