{
  "fio version" : "fio-3.33",
  "timestamp" : 1754836271,
  "timestamp_ms" : 1754836271142,
  "time" : "Sun Aug 10 16:31:11 2025",
  "jobs" : [
    {
      "jobname" : "seqread",
      "groupid" : 0,
      "error" : 0,
      "eta" : 2147483647,
      "elapsed" : 2,
      "job options" : {
        "name" : "seqread",
        "rw" : "read",
        "bs" : "1M",
        "size" : "512M",
        "runtime" : "60",
        "numjobs" : "1"
      },
      "read" : {
        "io_bytes" : 536870912,
        "io_kbytes" : 524288,
        "bw_bytes" : 582921728,
        "bw" : 569259,
        "iops" : 555.917481,
        "runtime" : 921,
        "total_ios" : 512,
        "short_ios" : 0,
        "drop_ios" : 0,
        "slat_ns" : {
          "min" : 0,
          "max" : 0,
          "mean" : 0.000000,
          "stddev" : 0.000000,
          "N" : 0
        },
        "clat_ns" : {
          "min" : 429815,
          "max" : 50685424,
          "mean" : 1690286.511719,
          "stddev" : 2393736.848216,
          "N" : 512,
          "percentile" : {
            "1.000000" : 1138688,
            "5.000000" : 1187840,
            "10.000000" : 1236992,
            "20.000000" : 1302528,
            "30.000000" : 1351680,
            "40.000000" : 1400832,
            "50.000000" : 1449984,
            "60.000000" : 1531904,
            "70.000000" : 1597440,
            "80.000000" : 1695744,
            "90.000000" : 1875968,
            "95.000000" : 2211840,
            "99.000000" : 4292608,
            "99.500000" : 8093696,
            "99.900000" : 50593792,
            "99.950000" : 50593792,
            "99.990000" : 50593792
          }
        },
        "lat_ns" : {
          "min" : 430439,
          "max" : 50686020,
          "mean" : 1691441.121094,
          "stddev" : 2393709.570489,
          "N" : 512
        },
        "bw_min" : 532480,
        "bw_max" : 532480,
        "bw_agg" : 93.539063,
        "bw_mean" : 532480.000000,
        "bw_dev" : 0.000000,
        "bw_samples" : 1,
        "iops_min" : 520,
        "iops_max" : 520,
        "iops_mean" : 520.000000,
        "iops_stddev" : 0.000000,
        "iops_samples" : 1
      },
      "write" : {
        "io_bytes" : 0,
        "io_kbytes" : 0,
        "bw_bytes" : 0,
        "bw" : 0,
        "iops" : 0.000000,
        "runtime" : 0,
        "total_ios" : 0,
        "short_ios" : 0,
        "drop_ios" : 0,
        "slat_ns" : {
          "min" : 0,
          "max" : 0,
          "mean" : 0.000000,
          "stddev" : 0.000000,
          "N" : 0
        },
        "clat_ns" : {
          "min" : 0,
          "max" : 0,
          "mean" : 0.000000,
          "stddev" : 0.000000,
          "N" : 0
        },
        "lat_ns" : {
          "min" : 0,
          "max" : 0,
          "mean" : 0.000000,
          "stddev" : 0.000000,
          "N" : 0
        },
        "bw_min" : 0,
        "bw_max" : 0,
        "bw_agg" : 0.000000,
        "bw_mean" : 0.000000,
        "bw_dev" : 0.000000,
        "bw_samples" : 0,
        "iops_min" : 0,
        "iops_max" : 0,
        "iops_mean" : 0.000000,
        "iops_stddev" : 0.000000,
        "iops_samples" : 0
      },
      "trim" : {
        "io_bytes" : 0,
        "io_kbytes" : 0,
        "bw_bytes" : 0,
        "bw" : 0,
        "iops" : 0.000000,
        "runtime" : 0,
        "total_ios" : 0,
        "short_ios" : 0,
        "drop_ios" : 0,
        "slat_ns" : {
          "min" : 0,
          "max" : 0,
          "mean" : 0.000000,
          "stddev" : 0.000000,
          "N" : 0
        },
        "clat_ns" : {
          "min" : 0,
          "max" : 0,
          "mean" : 0.000000,
          "stddev" : 0.000000,
          "N" : 0
        },
        "lat_ns" : {
          "min" : 0,
          "max" : 0,
          "mean" : 0.000000,
          "stddev" : 0.000000,
          "N" : 0
        },
        "bw_min" : 0,
        "bw_max" : 0,
        "bw_agg" : 0.000000,
        "bw_mean" : 0.000000,
        "bw_dev" : 0.000000,
        "bw_samples" : 0,
        "iops_min" : 0,
        "iops_max" : 0,
        "iops_mean" : 0.000000,
        "iops_stddev" : 0.000000,
        "iops_samples" : 0
      },
      "sync" : {
        "total_ios" : 0,
        "lat_ns" : {
          "min" : 0,
          "max" : 0,
          "mean" : 0.000000,
          "stddev" : 0.000000,
          "N" : 0
        }
      },
      "job_runtime" : 920,
      "usr_cpu" : 1.195652,
      "sys_cpu" : 91.304348,
      "ctx" : 364,
      "majf" : 0,
      "minf" : 267,
      "iodepth_level" : {
        "1" : 100.000000,
        "2" : 0.000000,
        "4" : 0.000000,
        "8" : 0.000000,
        "16" : 0.000000,
        "32" : 0.000000,
        ">=64" : 0.000000
      },
      "iodepth_submit" : {
        "0" : 0.000000,
        "4" : 100.000000,
        "8" : 0.000000,
        "16" : 0.000000,
        "32" : 0.000000,
        "64" : 0.000000,
        ">=64" : 0.000000
      },
      "iodepth_complete" : {
        "0" : 0.000000,
        "4" : 100.000000,
        "8" : 0.000000,
        "16" : 0.000000,
        "32" : 0.000000,
        "64" : 0.000000,
        ">=64" : 0.000000
      },
      "latency_ns" : {
        "2" : 0.000000,
        "4" : 0.000000,
        "10" : 0.000000,
        "20" : 0.000000,
        "50" : 0.000000,
        "100" : 0.000000,
        "250" : 0.000000,
        "500" : 0.000000,
        "750" : 0.000000,
        "1000" : 0.000000
      },
      "latency_us" : {
        "2" : 0.000000,
        "4" : 0.000000,
        "10" : 0.000000,
        "20" : 0.000000,
        "50" : 0.000000,
        "100" : 0.000000,
        "250" : 0.000000,
        "500" : 0.195312,
        "750" : 0.000000,
        "1000" : 0.000000
      },
      "latency_ms" : {
        "2" : 92.382812,
        "4" : 6.250000,
        "10" : 0.781250,
        "20" : 0.000000,
        "50" : 0.195312,
        "100" : 0.195312,
        "250" : 0.000000,
        "500" : 0.000000,
        "750" : 0.000000,
        "1000" : 0.000000,
        "2000" : 0.000000,
        ">=2000" : 0.000000
      },
      "latency_depth" : 1,
      "latency_target" : 0,
      "latency_percentile" : 100.000000,
      "latency_window" : 0
    }
  ],
  "disk_util" : [
    {
      "name" : "sda",
      "read_ios" : 738,
      "write_ios" : 19,
      "read_merges" : 0,
      "write_merges" : 0,
      "read_ticks" : 1006,
      "write_ticks" : 18,
      "in_queue" : 1024,
      "util" : 63.050154
    }
  ]
}
