{
  "fio version" : "fio-3.33",
  "timestamp" : 1754836386,
  "timestamp_ms" : 1754836386814,
  "time" : "Sun Aug 10 16:33:06 2025",
  "jobs" : [
    {
      "jobname" : "seqwrite",
      "groupid" : 0,
      "error" : 0,
      "eta" : 2147483647,
      "elapsed" : 2,
      "job options" : {
        "name" : "seqwrite",
        "rw" : "write",
        "bs" : "1M",
        "size" : "512M",
        "runtime" : "60",
        "numjobs" : "1"
      },
      "read" : {
        "io_bytes" : 0,
        "io_kbytes" : 0,
        "bw_bytes" : 0,
        "bw" : 0,
        "iops" : 0.000000,
        "runtime" : 0,
        "total_ios" : 0,
        "short_ios" : 0,
        "drop_ios" : 0,
        "slat_ns" : {
          "min" : 0,
          "max" : 0,
          "mean" : 0.000000,
          "stddev" : 0.000000,
          "N" : 0
        },
        "clat_ns" : {
          "min" : 0,
          "max" : 0,
          "mean" : 0.000000,
          "stddev" : 0.000000,
          "N" : 0
        },
        "lat_ns" : {
          "min" : 0,
          "max" : 0,
          "mean" : 0.000000,
          "stddev" : 0.000000,
          "N" : 0
        },
        "bw_min" : 0,
        "bw_max" : 0,
        "bw_agg" : 0.000000,
        "bw_mean" : 0.000000,
        "bw_dev" : 0.000000,
        "bw_samples" : 0,
        "iops_min" : 0,
        "iops_max" : 0,
        "iops_mean" : 0.000000,
        "iops_stddev" : 0.000000,
        "iops_samples" : 0
      },
      "write" : {
        "io_bytes" : 536870912,
        "io_kbytes" : 524288,
        "bw_bytes" : 346591938,
        "bw" : 338468,
        "iops" : 330.535830,
        "runtime" : 1549,
        "total_ios" : 512,
        "short_ios" : 0,
        "drop_ios" : 0,
        "slat_ns" : {
          "min" : 0,
          "max" : 0,
          "mean" : 0.000000,
          "stddev" : 0.000000,
          "N" : 0
        },
        "clat_ns" : {
          "min" : 611490,
          "max" : 28001772,
          "mean" : 2056205.724609,
          "stddev" : 2389579.676720,
          "N" : 512,
          "percentile" : {
            "1.000000" : 651264,
            "5.000000" : 872448,
            "10.000000" : 1036288,
            "20.000000" : 1138688,
            "30.000000" : 1220608,
            "40.000000" : 1302528,
            "50.000000" : 1417216,
            "60.000000" : 1613824,
            "70.000000" : 1826816,
            "80.000000" : 2244608,
            "90.000000" : 3358720,
            "95.000000" : 5079040,
            "99.000000" : 8585216,
            "99.500000" : 22151168,
            "99.900000" : 27918336,
            "99.950000" : 27918336,
            "99.990000" : 27918336
          }
        },
        "lat_ns" : {
          "min" : 651548,
          "max" : 28060654,
          "mean" : 2137505.263672,
          "stddev" : 2397208.434848,
          "N" : 512
        },
        "bw_min" : 69493,
        "bw_max" : 532480,
        "bw_agg" : 100.000000,
        "bw_mean" : 343050.000000,
        "bw_dev" : 242687.565893,
        "bw_samples" : 3,
        "iops_min" : 67,
        "iops_max" : 520,
        "iops_mean" : 334.666667,
        "iops_stddev" : 237.458066,
        "iops_samples" : 3
      },
      "trim" : {
        "io_bytes" : 0,
        "io_kbytes" : 0,
        "bw_bytes" : 0,
        "bw" : 0,
        "iops" : 0.000000,
        "runtime" : 0,
        "total_ios" : 0,
        "short_ios" : 0,
        "drop_ios" : 0,
        "slat_ns" : {
          "min" : 0,
          "max" : 0,
          "mean" : 0.000000,
          "stddev" : 0.000000,
          "N" : 0
        },
        "clat_ns" : {
          "min" : 0,
          "max" : 0,
          "mean" : 0.000000,
          "stddev" : 0.000000,
          "N" : 0
        },
        "lat_ns" : {
          "min" : 0,
          "max" : 0,
          "mean" : 0.000000,
          "stddev" : 0.000000,
          "N" : 0
        },
        "bw_min" : 0,
        "bw_max" : 0,
        "bw_agg" : 0.000000,
        "bw_mean" : 0.000000,
        "bw_dev" : 0.000000,
        "bw_samples" : 0,
        "iops_min" : 0,
        "iops_max" : 0,
        "iops_mean" : 0.000000,
        "iops_stddev" : 0.000000,
        "iops_samples" : 0
      },
      "sync" : {
        "total_ios" : 0,
        "lat_ns" : {
          "min" : 0,
          "max" : 0,
          "mean" : 0.000000,
          "stddev" : 0.000000,
          "N" : 0
        }
      },
      "job_runtime" : 1548,
      "usr_cpu" : 3.552972,
      "sys_cpu" : 82.428941,
      "ctx" : 418,
      "majf" : 0,
      "minf" : 12,
      "iodepth_level" : {
        "1" : 100.000000,
        "2" : 0.000000,
        "4" : 0.000000,
        "8" : 0.000000,
        "16" : 0.000000,
        "32" : 0.000000,
        ">=64" : 0.000000
      },
      "iodepth_submit" : {
        "0" : 0.000000,
        "4" : 100.000000,
        "8" : 0.000000,
        "16" : 0.000000,
        "32" : 0.000000,
        "64" : 0.000000,
        ">=64" : 0.000000
      },
      "iodepth_complete" : {
        "0" : 0.000000,
        "4" : 100.000000,
        "8" : 0.000000,
        "16" : 0.000000,
        "32" : 0.000000,
        "64" : 0.000000,
        ">=64" : 0.000000
      },
      "latency_ns" : {
        "2" : 0.000000,
        "4" : 0.000000,
        "10" : 0.000000,
        "20" : 0.000000,
        "50" : 0.000000,
        "100" : 0.000000,
        "250" : 0.000000,
        "500" : 0.000000,
        "750" : 0.000000,
        "1000" : 0.000000
      },
      "latency_us" : {
        "2" : 0.000000,
        "4" : 0.000000,
        "10" : 0.000000,
        "20" : 0.000000,
        "50" : 0.000000,
        "100" : 0.000000,
        "250" : 0.000000,
        "500" : 0.000000,
        "750" : 3.125000,
        "1000" : 5.078125
      },
      "latency_ms" : {
        "2" : 66.210938,
        "4" : 18.554688,
        "10" : 6.054688,
        "20" : 0.390625,
        "50" : 0.585938,
        "100" : 0.000000,
        "250" : 0.000000,
        "500" : 0.000000,
        "750" : 0.000000,
        "1000" : 0.000000,
        "2000" : 0.000000,
        ">=2000" : 0.000000
      },
      "latency_depth" : 1,
      "latency_target" : 0,
      "latency_percentile" : 100.000000,
      "latency_window" : 0
    }
  ],
  "disk_util" : [
    {
      "name" : "sda",
      "read_ios" : 0,
      "write_ios" : 437,
      "read_merges" : 0,
      "write_merges" : 20,
      "read_ticks" : 0,
      "write_ticks" : 2452,
      "in_queue" : 2452,
      "util" : 36.437797
    }
  ]
}
