{
  "fio version" : "fio-3.33",
  "timestamp" : 1754836124,
  "timestamp_ms" : 1754836124641,
  "time" : "Sun Aug 10 16:28:44 2025",
  "jobs" : [
    {
      "jobname" : "seqread",
      "groupid" : 0,
      "error" : 0,
      "eta" : 2147483647,
      "elapsed" : 2,
      "job options" : {
        "name" : "seqread",
        "rw" : "read",
        "bs" : "1M",
        "size" : "512M",
        "runtime" : "60",
        "numjobs" : "1"
      },
      "read" : {
        "io_bytes" : 536870912,
        "io_kbytes" : 524288,
        "bw_bytes" : 417798375,
        "bw" : 408006,
        "iops" : 398.443580,
        "runtime" : 1285,
        "total_ios" : 512,
        "short_ios" : 0,
        "drop_ios" : 0,
        "slat_ns" : {
          "min" : 0,
          "max" : 0,
          "mean" : 0.000000,
          "stddev" : 0.000000,
          "N" : 0
        },
        "clat_ns" : {
          "min" : 519636,
          "max" : 57140353,
          "mean" : 2414419.498047,
          "stddev" : 3642218.132957,
          "N" : 512,
          "percentile" : {
            "1.000000" : 1286144,
            "5.000000" : 1384448,
            "10.000000" : 1449984,
            "20.000000" : 1548288,
            "30.000000" : 1630208,
            "40.000000" : 1712128,
            "50.000000" : 1794048,
            "60.000000" : 1892352,
            "70.000000" : 1990656,
            "80.000000" : 2277376,
            "90.000000" : 3227648,
            "95.000000" : 5406720,
            "99.000000" : 10813440,
            "99.500000" : 11730944,
            "99.900000" : 56885248,
            "99.950000" : 56885248,
            "99.990000" : 56885248
          }
        },
        "lat_ns" : {
          "min" : 520340,
          "max" : 57140936,
          "mean" : 2415240.183594,
          "stddev" : 3642258.811809,
          "N" : 512
        },
        "bw_min" : 296960,
        "bw_max" : 567296,
        "bw_agg" : 100.000000,
        "bw_mean" : 432128.000000,
        "bw_dev" : 191156.418799,
        "bw_samples" : 2,
        "iops_min" : 290,
        "iops_max" : 554,
        "iops_mean" : 422.000000,
        "iops_stddev" : 186.676190,
        "iops_samples" : 2
      },
      "write" : {
        "io_bytes" : 0,
        "io_kbytes" : 0,
        "bw_bytes" : 0,
        "bw" : 0,
        "iops" : 0.000000,
        "runtime" : 0,
        "total_ios" : 0,
        "short_ios" : 0,
        "drop_ios" : 0,
        "slat_ns" : {
          "min" : 0,
          "max" : 0,
          "mean" : 0.000000,
          "stddev" : 0.000000,
          "N" : 0
        },
        "clat_ns" : {
          "min" : 0,
          "max" : 0,
          "mean" : 0.000000,
          "stddev" : 0.000000,
          "N" : 0
        },
        "lat_ns" : {
          "min" : 0,
          "max" : 0,
          "mean" : 0.000000,
          "stddev" : 0.000000,
          "N" : 0
        },
        "bw_min" : 0,
        "bw_max" : 0,
        "bw_agg" : 0.000000,
        "bw_mean" : 0.000000,
        "bw_dev" : 0.000000,
        "bw_samples" : 0,
        "iops_min" : 0,
        "iops_max" : 0,
        "iops_mean" : 0.000000,
        "iops_stddev" : 0.000000,
        "iops_samples" : 0
      },
      "trim" : {
        "io_bytes" : 0,
        "io_kbytes" : 0,
        "bw_bytes" : 0,
        "bw" : 0,
        "iops" : 0.000000,
        "runtime" : 0,
        "total_ios" : 0,
        "short_ios" : 0,
        "drop_ios" : 0,
        "slat_ns" : {
          "min" : 0,
          "max" : 0,
          "mean" : 0.000000,
          "stddev" : 0.000000,
          "N" : 0
        },
        "clat_ns" : {
          "min" : 0,
          "max" : 0,
          "mean" : 0.000000,
          "stddev" : 0.000000,
          "N" : 0
        },
        "lat_ns" : {
          "min" : 0,
          "max" : 0,
          "mean" : 0.000000,
          "stddev" : 0.000000,
          "N" : 0
        },
        "bw_min" : 0,
        "bw_max" : 0,
        "bw_agg" : 0.000000,
        "bw_mean" : 0.000000,
        "bw_dev" : 0.000000,
        "bw_samples" : 0,
        "iops_min" : 0,
        "iops_max" : 0,
        "iops_mean" : 0.000000,
        "iops_stddev" : 0.000000,
        "iops_samples" : 0
      },
      "sync" : {
        "total_ios" : 0,
        "lat_ns" : {
          "min" : 0,
          "max" : 0,
          "mean" : 0.000000,
          "stddev" : 0.000000,
          "N" : 0
        }
      },
      "job_runtime" : 1284,
      "usr_cpu" : 1.246106,
      "sys_cpu" : 90.498442,
      "ctx" : 151,
      "majf" : 0,
      "minf" : 267,
      "iodepth_level" : {
        "1" : 100.000000,
        "2" : 0.000000,
        "4" : 0.000000,
        "8" : 0.000000,
        "16" : 0.000000,
        "32" : 0.000000,
        ">=64" : 0.000000
      },
      "iodepth_submit" : {
        "0" : 0.000000,
        "4" : 100.000000,
        "8" : 0.000000,
        "16" : 0.000000,
        "32" : 0.000000,
        "64" : 0.000000,
        ">=64" : 0.000000
      },
      "iodepth_complete" : {
        "0" : 0.000000,
        "4" : 100.000000,
        "8" : 0.000000,
        "16" : 0.000000,
        "32" : 0.000000,
        "64" : 0.000000,
        ">=64" : 0.000000
      },
      "latency_ns" : {
        "2" : 0.000000,
        "4" : 0.000000,
        "10" : 0.000000,
        "20" : 0.000000,
        "50" : 0.000000,
        "100" : 0.000000,
        "250" : 0.000000,
        "500" : 0.000000,
        "750" : 0.000000,
        "1000" : 0.000000
      },
      "latency_us" : {
        "2" : 0.000000,
        "4" : 0.000000,
        "10" : 0.000000,
        "20" : 0.000000,
        "50" : 0.000000,
        "100" : 0.000000,
        "250" : 0.000000,
        "500" : 0.000000,
        "750" : 0.195312,
        "1000" : 0.000000
      },
      "latency_ms" : {
        "2" : 70.117188,
        "4" : 20.898438,
        "10" : 7.617188,
        "20" : 0.781250,
        "50" : 0.000000,
        "100" : 0.390625,
        "250" : 0.000000,
        "500" : 0.000000,
        "750" : 0.000000,
        "1000" : 0.000000,
        "2000" : 0.000000,
        ">=2000" : 0.000000
      },
      "latency_depth" : 1,
      "latency_target" : 0,
      "latency_percentile" : 100.000000,
      "latency_window" : 0
    }
  ],
  "disk_util" : [
    {
      "name" : "sda",
      "read_ios" : 752,
      "write_ios" : 26,
      "read_merges" : 0,
      "write_merges" : 14,
      "read_ticks" : 1474,
      "write_ticks" : 42,
      "in_queue" : 1516,
      "util" : 71.869919
    }
  ]
}
