{
    "count": 100,
    "min": 961710.427734,
    "max": 18232112.042969,
    "avg": 1739420,
    "median": 1.38239e+06,
    "stddev": 1.74669e+06,
    "p95": 2632864.369141,
    "p99": 3331200.738281
}
