{
  "fio version" : "fio-3.33",
  "timestamp" : 1754851049,
  "timestamp_ms" : 1754851049992,
  "time" : "Sun Aug 10 18:37:29 2025",
  "jobs" : [
    {
      "jobname" : "seqread",
      "groupid" : 0,
      "error" : 0,
      "eta" : 0,
      "elapsed" : 9,
      "job options" : {
        "name" : "seqread",
        "rw" : "read",
        "bs" : "1M",
        "size" : "512M",
        "runtime" : "60",
        "numjobs" : "1"
      },
      "read" : {
        "io_bytes" : 536870912,
        "io_kbytes" : 524288,
        "bw_bytes" : 68070357,
        "bw" : 66474,
        "iops" : 64.916952,
        "runtime" : 7887,
        "total_ios" : 512,
        "short_ios" : 0,
        "drop_ios" : 0,
        "slat_ns" : {
          "min" : 0,
          "max" : 0,
          "mean" : 0.000000,
          "stddev" : 0.000000,
          "N" : 0
        },
        "clat_ns" : {
          "min" : 1070424,
          "max" : 109503455,
          "mean" : 15226153.380859,
          "stddev" : 12934343.687670,
          "N" : 512,
          "percentile" : {
            "1.000000" : 9240576,
            "5.000000" : 9371648,
            "10.000000" : 9371648,
            "20.000000" : 9371648,
            "30.000000" : 9371648,
            "40.000000" : 10027008,
            "50.000000" : 10027008,
            "60.000000" : 10158080,
            "70.000000" : 10551296,
            "80.000000" : 17694720,
            "90.000000" : 34340864,
            "95.000000" : 42729472,
            "99.000000" : 68681728,
            "99.500000" : 85458944,
            "99.900000" : 109576192,
            "99.950000" : 109576192,
            "99.990000" : 109576192
          }
        },
        "lat_ns" : {
          "min" : 1071497,
          "max" : 109504397,
          "mean" : 15227020.210937,
          "stddev" : 12934330.072163,
          "N" : 512
        },
        "bw_min" : 43008,
        "bw_max" : 81920,
        "bw_agg" : 99.408863,
        "bw_mean" : 66082.133333,
        "bw_dev" : 10766.734575,
        "bw_samples" : 15,
        "iops_min" : 42,
        "iops_max" : 80,
        "iops_mean" : 64.533333,
        "iops_stddev" : 10.514389,
        "iops_samples" : 15
      },
      "write" : {
        "io_bytes" : 0,
        "io_kbytes" : 0,
        "bw_bytes" : 0,
        "bw" : 0,
        "iops" : 0.000000,
        "runtime" : 0,
        "total_ios" : 0,
        "short_ios" : 0,
        "drop_ios" : 0,
        "slat_ns" : {
          "min" : 0,
          "max" : 0,
          "mean" : 0.000000,
          "stddev" : 0.000000,
          "N" : 0
        },
        "clat_ns" : {
          "min" : 0,
          "max" : 0,
          "mean" : 0.000000,
          "stddev" : 0.000000,
          "N" : 0
        },
        "lat_ns" : {
          "min" : 0,
          "max" : 0,
          "mean" : 0.000000,
          "stddev" : 0.000000,
          "N" : 0
        },
        "bw_min" : 0,
        "bw_max" : 0,
        "bw_agg" : 0.000000,
        "bw_mean" : 0.000000,
        "bw_dev" : 0.000000,
        "bw_samples" : 0,
        "iops_min" : 0,
        "iops_max" : 0,
        "iops_mean" : 0.000000,
        "iops_stddev" : 0.000000,
        "iops_samples" : 0
      },
      "trim" : {
        "io_bytes" : 0,
        "io_kbytes" : 0,
        "bw_bytes" : 0,
        "bw" : 0,
        "iops" : 0.000000,
        "runtime" : 0,
        "total_ios" : 0,
        "short_ios" : 0,
        "drop_ios" : 0,
        "slat_ns" : {
          "min" : 0,
          "max" : 0,
          "mean" : 0.000000,
          "stddev" : 0.000000,
          "N" : 0
        },
        "clat_ns" : {
          "min" : 0,
          "max" : 0,
          "mean" : 0.000000,
          "stddev" : 0.000000,
          "N" : 0
        },
        "lat_ns" : {
          "min" : 0,
          "max" : 0,
          "mean" : 0.000000,
          "stddev" : 0.000000,
          "N" : 0
        },
        "bw_min" : 0,
        "bw_max" : 0,
        "bw_agg" : 0.000000,
        "bw_mean" : 0.000000,
        "bw_dev" : 0.000000,
        "bw_samples" : 0,
        "iops_min" : 0,
        "iops_max" : 0,
        "iops_mean" : 0.000000,
        "iops_stddev" : 0.000000,
        "iops_samples" : 0
      },
      "sync" : {
        "total_ios" : 0,
        "lat_ns" : {
          "min" : 0,
          "max" : 0,
          "mean" : 0.000000,
          "stddev" : 0.000000,
          "N" : 0
        }
      },
      "job_runtime" : 7886,
      "usr_cpu" : 0.038042,
      "sys_cpu" : 8.052244,
      "ctx" : 538,
      "majf" : 0,
      "minf" : 268,
      "iodepth_level" : {
        "1" : 100.000000,
        "2" : 0.000000,
        "4" : 0.000000,
        "8" : 0.000000,
        "16" : 0.000000,
        "32" : 0.000000,
        ">=64" : 0.000000
      },
      "iodepth_submit" : {
        "0" : 0.000000,
        "4" : 100.000000,
        "8" : 0.000000,
        "16" : 0.000000,
        "32" : 0.000000,
        "64" : 0.000000,
        ">=64" : 0.000000
      },
      "iodepth_complete" : {
        "0" : 0.000000,
        "4" : 100.000000,
        "8" : 0.000000,
        "16" : 0.000000,
        "32" : 0.000000,
        "64" : 0.000000,
        ">=64" : 0.000000
      },
      "latency_ns" : {
        "2" : 0.000000,
        "4" : 0.000000,
        "10" : 0.000000,
        "20" : 0.000000,
        "50" : 0.000000,
        "100" : 0.000000,
        "250" : 0.000000,
        "500" : 0.000000,
        "750" : 0.000000,
        "1000" : 0.000000
      },
      "latency_us" : {
        "2" : 0.000000,
        "4" : 0.000000,
        "10" : 0.000000,
        "20" : 0.000000,
        "50" : 0.000000,
        "100" : 0.000000,
        "250" : 0.000000,
        "500" : 0.000000,
        "750" : 0.000000,
        "1000" : 0.000000
      },
      "latency_ms" : {
        "2" : 0.195312,
        "4" : 0.000000,
        "10" : 36.523438,
        "20" : 44.921875,
        "50" : 15.625000,
        "100" : 2.343750,
        "250" : 0.390625,
        "500" : 0.000000,
        "750" : 0.000000,
        "1000" : 0.000000,
        "2000" : 0.000000,
        ">=2000" : 0.000000
      },
      "latency_depth" : 1,
      "latency_target" : 0,
      "latency_percentile" : 100.000000,
      "latency_window" : 0
    }
  ]
}
