{
  "fio version" : "fio-3.33",
  "timestamp" : 1754851722,
  "timestamp_ms" : 1754851722204,
  "time" : "Sun Aug 10 18:48:42 2025",
  "jobs" : [
    {
      "jobname" : "seqwrite",
      "groupid" : 0,
      "error" : 0,
      "eta" : 0,
      "elapsed" : 8,
      "job options" : {
        "name" : "seqwrite",
        "rw" : "write",
        "bs" : "1M",
        "size" : "512M",
        "runtime" : "60",
        "numjobs" : "1"
      },
      "read" : {
        "io_bytes" : 0,
        "io_kbytes" : 0,
        "bw_bytes" : 0,
        "bw" : 0,
        "iops" : 0.000000,
        "runtime" : 0,
        "total_ios" : 0,
        "short_ios" : 0,
        "drop_ios" : 0,
        "slat_ns" : {
          "min" : 0,
          "max" : 0,
          "mean" : 0.000000,
          "stddev" : 0.000000,
          "N" : 0
        },
        "clat_ns" : {
          "min" : 0,
          "max" : 0,
          "mean" : 0.000000,
          "stddev" : 0.000000,
          "N" : 0
        },
        "lat_ns" : {
          "min" : 0,
          "max" : 0,
          "mean" : 0.000000,
          "stddev" : 0.000000,
          "N" : 0
        },
        "bw_min" : 0,
        "bw_max" : 0,
        "bw_agg" : 0.000000,
        "bw_mean" : 0.000000,
        "bw_dev" : 0.000000,
        "bw_samples" : 0,
        "iops_min" : 0,
        "iops_max" : 0,
        "iops_mean" : 0.000000,
        "iops_stddev" : 0.000000,
        "iops_samples" : 0
      },
      "write" : {
        "io_bytes" : 536870912,
        "io_kbytes" : 524288,
        "bw_bytes" : 74153440,
        "bw" : 72415,
        "iops" : 70.718232,
        "runtime" : 7240,
        "total_ios" : 512,
        "short_ios" : 0,
        "drop_ios" : 0,
        "slat_ns" : {
          "min" : 0,
          "max" : 0,
          "mean" : 0.000000,
          "stddev" : 0.000000,
          "N" : 0
        },
        "clat_ns" : {
          "min" : 339066,
          "max" : 20205486,
          "mean" : 2172556.777344,
          "stddev" : 4453275.882328,
          "N" : 512,
          "percentile" : {
            "1.000000" : 342016,
            "5.000000" : 342016,
            "10.000000" : 342016,
            "20.000000" : 346112,
            "30.000000" : 362496,
            "40.000000" : 382976,
            "50.000000" : 407552,
            "60.000000" : 444416,
            "70.000000" : 497664,
            "80.000000" : 1449984,
            "90.000000" : 10551296,
            "95.000000" : 14876672,
            "99.000000" : 16449536,
            "99.500000" : 19267584,
            "99.900000" : 20316160,
            "99.950000" : 20316160,
            "99.990000" : 20316160
          }
        },
        "lat_ns" : {
          "min" : 347630,
          "max" : 20238225,
          "mean" : 2194781.947266,
          "stddev" : 4463419.959511,
          "N" : 512
        },
        "bw_min" : 151552,
        "bw_max" : 847872,
        "bw_agg" : 100.000000,
        "bw_mean" : 499712.000000,
        "bw_dev" : 492372.593876,
        "bw_samples" : 2,
        "iops_min" : 148,
        "iops_max" : 828,
        "iops_mean" : 488.000000,
        "iops_stddev" : 480.832611,
        "iops_samples" : 2
      },
      "trim" : {
        "io_bytes" : 0,
        "io_kbytes" : 0,
        "bw_bytes" : 0,
        "bw" : 0,
        "iops" : 0.000000,
        "runtime" : 0,
        "total_ios" : 0,
        "short_ios" : 0,
        "drop_ios" : 0,
        "slat_ns" : {
          "min" : 0,
          "max" : 0,
          "mean" : 0.000000,
          "stddev" : 0.000000,
          "N" : 0
        },
        "clat_ns" : {
          "min" : 0,
          "max" : 0,
          "mean" : 0.000000,
          "stddev" : 0.000000,
          "N" : 0
        },
        "lat_ns" : {
          "min" : 0,
          "max" : 0,
          "mean" : 0.000000,
          "stddev" : 0.000000,
          "N" : 0
        },
        "bw_min" : 0,
        "bw_max" : 0,
        "bw_agg" : 0.000000,
        "bw_mean" : 0.000000,
        "bw_dev" : 0.000000,
        "bw_samples" : 0,
        "iops_min" : 0,
        "iops_max" : 0,
        "iops_mean" : 0.000000,
        "iops_stddev" : 0.000000,
        "iops_samples" : 0
      },
      "sync" : {
        "total_ios" : 0,
        "lat_ns" : {
          "min" : 0,
          "max" : 0,
          "mean" : 0.000000,
          "stddev" : 0.000000,
          "N" : 0
        }
      },
      "job_runtime" : 7239,
      "usr_cpu" : 0.000000,
      "sys_cpu" : 8.136483,
      "ctx" : 2490,
      "majf" : 0,
      "minf" : 13,
      "iodepth_level" : {
        "1" : 100.000000,
        "2" : 0.000000,
        "4" : 0.000000,
        "8" : 0.000000,
        "16" : 0.000000,
        "32" : 0.000000,
        ">=64" : 0.000000
      },
      "iodepth_submit" : {
        "0" : 0.000000,
        "4" : 100.000000,
        "8" : 0.000000,
        "16" : 0.000000,
        "32" : 0.000000,
        "64" : 0.000000,
        ">=64" : 0.000000
      },
      "iodepth_complete" : {
        "0" : 0.000000,
        "4" : 100.000000,
        "8" : 0.000000,
        "16" : 0.000000,
        "32" : 0.000000,
        "64" : 0.000000,
        ">=64" : 0.000000
      },
      "latency_ns" : {
        "2" : 0.000000,
        "4" : 0.000000,
        "10" : 0.000000,
        "20" : 0.000000,
        "50" : 0.000000,
        "100" : 0.000000,
        "250" : 0.000000,
        "500" : 0.000000,
        "750" : 0.000000,
        "1000" : 0.000000
      },
      "latency_us" : {
        "2" : 0.000000,
        "4" : 0.000000,
        "10" : 0.000000,
        "20" : 0.000000,
        "50" : 0.000000,
        "100" : 0.000000,
        "250" : 0.000000,
        "500" : 70.312500,
        "750" : 5.078125,
        "1000" : 0.390625
      },
      "latency_ms" : {
        "2" : 11.523438,
        "4" : 0.390625,
        "10" : 0.781250,
        "20" : 11.328125,
        "50" : 0.195312,
        "100" : 0.000000,
        "250" : 0.000000,
        "500" : 0.000000,
        "750" : 0.000000,
        "1000" : 0.000000,
        "2000" : 0.000000,
        ">=2000" : 0.000000
      },
      "latency_depth" : 1,
      "latency_target" : 0,
      "latency_percentile" : 100.000000,
      "latency_window" : 0
    }
  ]
}
