{
  "fio version" : "fio-3.33",
  "timestamp" : 1754755768,
  "timestamp_ms" : 1754755768418,
  "time" : "Sat Aug  9 16:09:28 2025",
  "jobs" : [
    {
      "jobname" : "randread",
      "groupid" : 0,
      "error" : 0,
      "eta" : 0,
      "elapsed" : 19,
      "job options" : {
        "name" : "randread",
        "rw" : "randread",
        "bs" : "4k",
        "size" : "512M",
        "runtime" : "60",
        "numjobs" : "1",
        "iodepth" : "32"
      },
      "read" : {
        "io_bytes" : 536870912,
        "io_kbytes" : 524288,
        "bw_bytes" : 29319584,
        "bw" : 28632,
        "iops" : 7158.101688,
        "runtime" : 18311,
        "total_ios" : 131072,
        "short_ios" : 0,
        "drop_ios" : 0,
        "slat_ns" : {
          "min" : 0,
          "max" : 0,
          "mean" : 0.000000,
          "stddev" : 0.000000,
          "N" : 0
        },
        "clat_ns" : {
          "min" : 106792,
          "max" : 11011023,
          "mean" : 137756.193489,
          "stddev" : 81950.231912,
          "N" : 131072,
          "percentile" : {
            "1.000000" : 112128,
            "5.000000" : 114176,
            "10.000000" : 115200,
            "20.000000" : 118272,
            "30.000000" : 121344,
            "40.000000" : 123392,
            "50.000000" : 125440,
            "60.000000" : 128512,
            "70.000000" : 132096,
            "80.000000" : 142336,
            "90.000000" : 160768,
            "95.000000" : 181248,
            "99.000000" : 301056,
            "99.500000" : 528384,
            "99.900000" : 1138688,
            "99.950000" : 1499136,
            "99.990000" : 3325952
          }
        },
        "lat_ns" : {
          "min" : 106893,
          "max" : 11011218,
          "mean" : 137880.397469,
          "stddev" : 81958.614173,
          "N" : 131072
        },
        "bw_min" : 20800,
        "bw_max" : 30323,
        "bw_agg" : 100.000000,
        "bw_mean" : 28675.388889,
        "bw_dev" : 1600.666830,
        "bw_samples" : 36,
        "iops_min" : 5200,
        "iops_max" : 7580,
        "iops_mean" : 7168.666667,
        "iops_stddev" : 400.162396,
        "iops_samples" : 36
      },
      "write" : {
        "io_bytes" : 0,
        "io_kbytes" : 0,
        "bw_bytes" : 0,
        "bw" : 0,
        "iops" : 0.000000,
        "runtime" : 0,
        "total_ios" : 0,
        "short_ios" : 0,
        "drop_ios" : 0,
        "slat_ns" : {
          "min" : 0,
          "max" : 0,
          "mean" : 0.000000,
          "stddev" : 0.000000,
          "N" : 0
        },
        "clat_ns" : {
          "min" : 0,
          "max" : 0,
          "mean" : 0.000000,
          "stddev" : 0.000000,
          "N" : 0
        },
        "lat_ns" : {
          "min" : 0,
          "max" : 0,
          "mean" : 0.000000,
          "stddev" : 0.000000,
          "N" : 0
        },
        "bw_min" : 0,
        "bw_max" : 0,
        "bw_agg" : 0.000000,
        "bw_mean" : 0.000000,
        "bw_dev" : 0.000000,
        "bw_samples" : 0,
        "iops_min" : 0,
        "iops_max" : 0,
        "iops_mean" : 0.000000,
        "iops_stddev" : 0.000000,
        "iops_samples" : 0
      },
      "trim" : {
        "io_bytes" : 0,
        "io_kbytes" : 0,
        "bw_bytes" : 0,
        "bw" : 0,
        "iops" : 0.000000,
        "runtime" : 0,
        "total_ios" : 0,
        "short_ios" : 0,
        "drop_ios" : 0,
        "slat_ns" : {
          "min" : 0,
          "max" : 0,
          "mean" : 0.000000,
          "stddev" : 0.000000,
          "N" : 0
        },
        "clat_ns" : {
          "min" : 0,
          "max" : 0,
          "mean" : 0.000000,
          "stddev" : 0.000000,
          "N" : 0
        },
        "lat_ns" : {
          "min" : 0,
          "max" : 0,
          "mean" : 0.000000,
          "stddev" : 0.000000,
          "N" : 0
        },
        "bw_min" : 0,
        "bw_max" : 0,
        "bw_agg" : 0.000000,
        "bw_mean" : 0.000000,
        "bw_dev" : 0.000000,
        "bw_samples" : 0,
        "iops_min" : 0,
        "iops_max" : 0,
        "iops_mean" : 0.000000,
        "iops_stddev" : 0.000000,
        "iops_samples" : 0
      },
      "sync" : {
        "total_ios" : 0,
        "lat_ns" : {
          "min" : 0,
          "max" : 0,
          "mean" : 0.000000,
          "stddev" : 0.000000,
          "N" : 0
        }
      },
      "job_runtime" : 18310,
      "usr_cpu" : 1.889678,
      "sys_cpu" : 11.299836,
      "ctx" : 131363,
      "majf" : 0,
      "minf" : 12,
      "iodepth_level" : {
        "1" : 100.000000,
        "2" : 0.000000,
        "4" : 0.000000,
        "8" : 0.000000,
        "16" : 0.000000,
        "32" : 0.000000,
        ">=64" : 0.000000
      },
      "iodepth_submit" : {
        "0" : 0.000000,
        "4" : 100.000000,
        "8" : 0.000000,
        "16" : 0.000000,
        "32" : 0.000000,
        "64" : 0.000000,
        ">=64" : 0.000000
      },
      "iodepth_complete" : {
        "0" : 0.000000,
        "4" : 100.000000,
        "8" : 0.000000,
        "16" : 0.000000,
        "32" : 0.000000,
        "64" : 0.000000,
        ">=64" : 0.000000
      },
      "latency_ns" : {
        "2" : 0.000000,
        "4" : 0.000000,
        "10" : 0.000000,
        "20" : 0.000000,
        "50" : 0.000000,
        "100" : 0.000000,
        "250" : 0.000000,
        "500" : 0.000000,
        "750" : 0.000000,
        "1000" : 0.000000
      },
      "latency_us" : {
        "2" : 0.000000,
        "4" : 0.000000,
        "10" : 0.000000,
        "20" : 0.000000,
        "50" : 0.000000,
        "100" : 0.000000,
        "250" : 98.513794,
        "500" : 0.955963,
        "750" : 0.273132,
        "1000" : 0.115967
      },
      "latency_ms" : {
        "2" : 0.116730,
        "4" : 0.021362,
        "10" : 0.010000,
        "20" : 0.010000,
        "50" : 0.000000,
        "100" : 0.000000,
        "250" : 0.000000,
        "500" : 0.000000,
        "750" : 0.000000,
        "1000" : 0.000000,
        "2000" : 0.000000,
        ">=2000" : 0.000000
      },
      "latency_depth" : 32,
      "latency_target" : 0,
      "latency_percentile" : 100.000000,
      "latency_window" : 0
    }
  ],
  "disk_util" : [
    {
      "name" : "vda",
      "read_ios" : 130010,
      "write_ios" : 4,
      "read_merges" : 0,
      "write_merges" : 10,
      "read_ticks" : 16515,
      "write_ticks" : 150,
      "in_queue" : 16664,
      "util" : 87.450636
    }
  ]
}
