{
  "fio version" : "fio-3.33",
  "timestamp" : 1754756508,
  "timestamp_ms" : 1754756508895,
  "time" : "Sat Aug  9 16:21:48 2025",
  "jobs" : [
    {
      "jobname" : "randread",
      "groupid" : 0,
      "error" : 0,
      "eta" : 0,
      "elapsed" : 20,
      "job options" : {
        "name" : "randread",
        "rw" : "randread",
        "bs" : "4k",
        "size" : "512M",
        "runtime" : "60",
        "numjobs" : "1",
        "iodepth" : "32"
      },
      "read" : {
        "io_bytes" : 536870912,
        "io_kbytes" : 524288,
        "bw_bytes" : 27673758,
        "bw" : 27025,
        "iops" : 6756.288660,
        "runtime" : 19400,
        "total_ios" : 131072,
        "short_ios" : 0,
        "drop_ios" : 0,
        "slat_ns" : {
          "min" : 0,
          "max" : 0,
          "mean" : 0.000000,
          "stddev" : 0.000000,
          "N" : 0
        },
        "clat_ns" : {
          "min" : 106484,
          "max" : 760154375,
          "mean" : 146389.203850,
          "stddev" : 2231092.631108,
          "N" : 131072,
          "percentile" : {
            "1.000000" : 111104,
            "5.000000" : 114176,
            "10.000000" : 115200,
            "20.000000" : 118272,
            "30.000000" : 120320,
            "40.000000" : 123392,
            "50.000000" : 125440,
            "60.000000" : 127488,
            "70.000000" : 132096,
            "80.000000" : 142336,
            "90.000000" : 158720,
            "95.000000" : 179200,
            "99.000000" : 321536,
            "99.500000" : 618496,
            "99.900000" : 1073152,
            "99.950000" : 1433600,
            "99.990000" : 4079616
          }
        },
        "lat_ns" : {
          "min" : 106572,
          "max" : 760155393,
          "mean" : 146497.049767,
          "stddev" : 2231096.792310,
          "N" : 131072
        },
        "bw_min" : 6510,
        "bw_max" : 30491,
        "bw_agg" : 100.000000,
        "bw_mean" : 27748.756757,
        "bw_dev" : 5185.333935,
        "bw_samples" : 37,
        "iops_min" : 1627,
        "iops_max" : 7622,
        "iops_mean" : 6937.000000,
        "iops_stddev" : 1296.393930,
        "iops_samples" : 37
      },
      "write" : {
        "io_bytes" : 0,
        "io_kbytes" : 0,
        "bw_bytes" : 0,
        "bw" : 0,
        "iops" : 0.000000,
        "runtime" : 0,
        "total_ios" : 0,
        "short_ios" : 0,
        "drop_ios" : 0,
        "slat_ns" : {
          "min" : 0,
          "max" : 0,
          "mean" : 0.000000,
          "stddev" : 0.000000,
          "N" : 0
        },
        "clat_ns" : {
          "min" : 0,
          "max" : 0,
          "mean" : 0.000000,
          "stddev" : 0.000000,
          "N" : 0
        },
        "lat_ns" : {
          "min" : 0,
          "max" : 0,
          "mean" : 0.000000,
          "stddev" : 0.000000,
          "N" : 0
        },
        "bw_min" : 0,
        "bw_max" : 0,
        "bw_agg" : 0.000000,
        "bw_mean" : 0.000000,
        "bw_dev" : 0.000000,
        "bw_samples" : 0,
        "iops_min" : 0,
        "iops_max" : 0,
        "iops_mean" : 0.000000,
        "iops_stddev" : 0.000000,
        "iops_samples" : 0
      },
      "trim" : {
        "io_bytes" : 0,
        "io_kbytes" : 0,
        "bw_bytes" : 0,
        "bw" : 0,
        "iops" : 0.000000,
        "runtime" : 0,
        "total_ios" : 0,
        "short_ios" : 0,
        "drop_ios" : 0,
        "slat_ns" : {
          "min" : 0,
          "max" : 0,
          "mean" : 0.000000,
          "stddev" : 0.000000,
          "N" : 0
        },
        "clat_ns" : {
          "min" : 0,
          "max" : 0,
          "mean" : 0.000000,
          "stddev" : 0.000000,
          "N" : 0
        },
        "lat_ns" : {
          "min" : 0,
          "max" : 0,
          "mean" : 0.000000,
          "stddev" : 0.000000,
          "N" : 0
        },
        "bw_min" : 0,
        "bw_max" : 0,
        "bw_agg" : 0.000000,
        "bw_mean" : 0.000000,
        "bw_dev" : 0.000000,
        "bw_samples" : 0,
        "iops_min" : 0,
        "iops_max" : 0,
        "iops_mean" : 0.000000,
        "iops_stddev" : 0.000000,
        "iops_samples" : 0
      },
      "sync" : {
        "total_ios" : 0,
        "lat_ns" : {
          "min" : 0,
          "max" : 0,
          "mean" : 0.000000,
          "stddev" : 0.000000,
          "N" : 0
        }
      },
      "job_runtime" : 19399,
      "usr_cpu" : 1.721738,
      "sys_cpu" : 10.340739,
      "ctx" : 131326,
      "majf" : 0,
      "minf" : 12,
      "iodepth_level" : {
        "1" : 100.000000,
        "2" : 0.000000,
        "4" : 0.000000,
        "8" : 0.000000,
        "16" : 0.000000,
        "32" : 0.000000,
        ">=64" : 0.000000
      },
      "iodepth_submit" : {
        "0" : 0.000000,
        "4" : 100.000000,
        "8" : 0.000000,
        "16" : 0.000000,
        "32" : 0.000000,
        "64" : 0.000000,
        ">=64" : 0.000000
      },
      "iodepth_complete" : {
        "0" : 0.000000,
        "4" : 100.000000,
        "8" : 0.000000,
        "16" : 0.000000,
        "32" : 0.000000,
        "64" : 0.000000,
        ">=64" : 0.000000
      },
      "latency_ns" : {
        "2" : 0.000000,
        "4" : 0.000000,
        "10" : 0.000000,
        "20" : 0.000000,
        "50" : 0.000000,
        "100" : 0.000000,
        "250" : 0.000000,
        "500" : 0.000000,
        "750" : 0.000000,
        "1000" : 0.000000
      },
      "latency_us" : {
        "2" : 0.000000,
        "4" : 0.000000,
        "10" : 0.000000,
        "20" : 0.000000,
        "50" : 0.000000,
        "100" : 0.000000,
        "250" : 98.450470,
        "500" : 0.912476,
        "750" : 0.334167,
        "1000" : 0.189209
      },
      "latency_ms" : {
        "2" : 0.086212,
        "4" : 0.016785,
        "10" : 0.010000,
        "20" : 0.010000,
        "50" : 0.000000,
        "100" : 0.010000,
        "250" : 0.000000,
        "500" : 0.010000,
        "750" : 0.000000,
        "1000" : 0.010000,
        "2000" : 0.000000,
        ">=2000" : 0.000000
      },
      "latency_depth" : 32,
      "latency_target" : 0,
      "latency_percentile" : 100.000000,
      "latency_window" : 0
    }
  ],
  "disk_util" : [
    {
      "name" : "vda",
      "read_ios" : 131055,
      "write_ios" : 6,
      "read_merges" : 0,
      "write_merges" : 11,
      "read_ticks" : 17854,
      "write_ticks" : 324,
      "in_queue" : 18178,
      "util" : 87.994662
    }
  ]
}
