{
  "fio version" : "fio-3.33",
  "timestamp" : 1754756761,
  "timestamp_ms" : 1754756761139,
  "time" : "Sat Aug  9 16:26:01 2025",
  "jobs" : [
    {
      "jobname" : "randread",
      "groupid" : 0,
      "error" : 0,
      "eta" : 0,
      "elapsed" : 21,
      "job options" : {
        "name" : "randread",
        "rw" : "randread",
        "bs" : "4k",
        "size" : "512M",
        "runtime" : "60",
        "numjobs" : "1",
        "iodepth" : "32"
      },
      "read" : {
        "io_bytes" : 536870912,
        "io_kbytes" : 524288,
        "bw_bytes" : 26804678,
        "bw" : 26176,
        "iops" : 6544.111039,
        "runtime" : 20029,
        "total_ios" : 131072,
        "short_ios" : 0,
        "drop_ios" : 0,
        "slat_ns" : {
          "min" : 0,
          "max" : 0,
          "mean" : 0.000000,
          "stddev" : 0.000000,
          "N" : 0
        },
        "clat_ns" : {
          "min" : 106973,
          "max" : 440515566,
          "mean" : 150974.189415,
          "stddev" : 1456306.663811,
          "N" : 131072,
          "percentile" : {
            "1.000000" : 112128,
            "5.000000" : 115200,
            "10.000000" : 117248,
            "20.000000" : 121344,
            "30.000000" : 123392,
            "40.000000" : 126464,
            "50.000000" : 128512,
            "60.000000" : 132096,
            "70.000000" : 136192,
            "80.000000" : 148480,
            "90.000000" : 166912,
            "95.000000" : 195584,
            "99.000000" : 403456,
            "99.500000" : 667648,
            "99.900000" : 1236992,
            "99.950000" : 1613824,
            "99.990000" : 4227072
          }
        },
        "lat_ns" : {
          "min" : 107064,
          "max" : 440516794,
          "mean" : 151094.994606,
          "stddev" : 1456312.489333,
          "N" : 131072
        },
        "bw_min" : 7,
        "bw_max" : 29620,
        "bw_agg" : 100.000000,
        "bw_mean" : 26195.974359,
        "bw_dev" : 6291.825346,
        "bw_samples" : 39,
        "iops_min" : 1,
        "iops_max" : 7405,
        "iops_mean" : 6548.820513,
        "iops_stddev" : 1573.063034,
        "iops_samples" : 39
      },
      "write" : {
        "io_bytes" : 0,
        "io_kbytes" : 0,
        "bw_bytes" : 0,
        "bw" : 0,
        "iops" : 0.000000,
        "runtime" : 0,
        "total_ios" : 0,
        "short_ios" : 0,
        "drop_ios" : 0,
        "slat_ns" : {
          "min" : 0,
          "max" : 0,
          "mean" : 0.000000,
          "stddev" : 0.000000,
          "N" : 0
        },
        "clat_ns" : {
          "min" : 0,
          "max" : 0,
          "mean" : 0.000000,
          "stddev" : 0.000000,
          "N" : 0
        },
        "lat_ns" : {
          "min" : 0,
          "max" : 0,
          "mean" : 0.000000,
          "stddev" : 0.000000,
          "N" : 0
        },
        "bw_min" : 0,
        "bw_max" : 0,
        "bw_agg" : 0.000000,
        "bw_mean" : 0.000000,
        "bw_dev" : 0.000000,
        "bw_samples" : 0,
        "iops_min" : 0,
        "iops_max" : 0,
        "iops_mean" : 0.000000,
        "iops_stddev" : 0.000000,
        "iops_samples" : 0
      },
      "trim" : {
        "io_bytes" : 0,
        "io_kbytes" : 0,
        "bw_bytes" : 0,
        "bw" : 0,
        "iops" : 0.000000,
        "runtime" : 0,
        "total_ios" : 0,
        "short_ios" : 0,
        "drop_ios" : 0,
        "slat_ns" : {
          "min" : 0,
          "max" : 0,
          "mean" : 0.000000,
          "stddev" : 0.000000,
          "N" : 0
        },
        "clat_ns" : {
          "min" : 0,
          "max" : 0,
          "mean" : 0.000000,
          "stddev" : 0.000000,
          "N" : 0
        },
        "lat_ns" : {
          "min" : 0,
          "max" : 0,
          "mean" : 0.000000,
          "stddev" : 0.000000,
          "N" : 0
        },
        "bw_min" : 0,
        "bw_max" : 0,
        "bw_agg" : 0.000000,
        "bw_mean" : 0.000000,
        "bw_dev" : 0.000000,
        "bw_samples" : 0,
        "iops_min" : 0,
        "iops_max" : 0,
        "iops_mean" : 0.000000,
        "iops_stddev" : 0.000000,
        "iops_samples" : 0
      },
      "sync" : {
        "total_ios" : 0,
        "lat_ns" : {
          "min" : 0,
          "max" : 0,
          "mean" : 0.000000,
          "stddev" : 0.000000,
          "N" : 0
        }
      },
      "job_runtime" : 20028,
      "usr_cpu" : 1.972239,
      "sys_cpu" : 11.743559,
      "ctx" : 131395,
      "majf" : 0,
      "minf" : 13,
      "iodepth_level" : {
        "1" : 100.000000,
        "2" : 0.000000,
        "4" : 0.000000,
        "8" : 0.000000,
        "16" : 0.000000,
        "32" : 0.000000,
        ">=64" : 0.000000
      },
      "iodepth_submit" : {
        "0" : 0.000000,
        "4" : 100.000000,
        "8" : 0.000000,
        "16" : 0.000000,
        "32" : 0.000000,
        "64" : 0.000000,
        ">=64" : 0.000000
      },
      "iodepth_complete" : {
        "0" : 0.000000,
        "4" : 100.000000,
        "8" : 0.000000,
        "16" : 0.000000,
        "32" : 0.000000,
        "64" : 0.000000,
        ">=64" : 0.000000
      },
      "latency_ns" : {
        "2" : 0.000000,
        "4" : 0.000000,
        "10" : 0.000000,
        "20" : 0.000000,
        "50" : 0.000000,
        "100" : 0.000000,
        "250" : 0.000000,
        "500" : 0.000000,
        "750" : 0.000000,
        "1000" : 0.000000
      },
      "latency_us" : {
        "2" : 0.000000,
        "4" : 0.000000,
        "10" : 0.000000,
        "20" : 0.000000,
        "50" : 0.000000,
        "100" : 0.000000,
        "250" : 97.353363,
        "500" : 1.850891,
        "750" : 0.421143,
        "1000" : 0.210571
      },
      "latency_ms" : {
        "2" : 0.130463,
        "4" : 0.020599,
        "10" : 0.010000,
        "20" : 0.000000,
        "50" : 0.000000,
        "100" : 0.010000,
        "250" : 0.010000,
        "500" : 0.010000,
        "750" : 0.000000,
        "1000" : 0.000000,
        "2000" : 0.000000,
        ">=2000" : 0.000000
      },
      "latency_depth" : 32,
      "latency_target" : 0,
      "latency_percentile" : 100.000000,
      "latency_window" : 0
    }
  ],
  "disk_util" : [
    {
      "name" : "vda",
      "read_ios" : 130124,
      "write_ios" : 12,
      "read_merges" : 0,
      "write_merges" : 10,
      "read_ticks" : 17930,
      "write_ticks" : 651,
      "in_queue" : 18580,
      "util" : 86.762424
    }
  ]
}
