{
  "fio version" : "fio-3.33",
  "timestamp" : 1754754679,
  "timestamp_ms" : 1754754679344,
  "time" : "Sat Aug  9 15:51:19 2025",
  "jobs" : [
    {
      "jobname" : "seqwrite",
      "groupid" : 0,
      "error" : 0,
      "eta" : 0,
      "elapsed" : 10,
      "job options" : {
        "name" : "seqwrite",
        "rw" : "write",
        "bs" : "1M",
        "size" : "512M",
        "runtime" : "60",
        "numjobs" : "1"
      },
      "read" : {
        "io_bytes" : 0,
        "io_kbytes" : 0,
        "bw_bytes" : 0,
        "bw" : 0,
        "iops" : 0.000000,
        "runtime" : 0,
        "total_ios" : 0,
        "short_ios" : 0,
        "drop_ios" : 0,
        "slat_ns" : {
          "min" : 0,
          "max" : 0,
          "mean" : 0.000000,
          "stddev" : 0.000000,
          "N" : 0
        },
        "clat_ns" : {
          "min" : 0,
          "max" : 0,
          "mean" : 0.000000,
          "stddev" : 0.000000,
          "N" : 0
        },
        "lat_ns" : {
          "min" : 0,
          "max" : 0,
          "mean" : 0.000000,
          "stddev" : 0.000000,
          "N" : 0
        },
        "bw_min" : 0,
        "bw_max" : 0,
        "bw_agg" : 0.000000,
        "bw_mean" : 0.000000,
        "bw_dev" : 0.000000,
        "bw_samples" : 0,
        "iops_min" : 0,
        "iops_max" : 0,
        "iops_mean" : 0.000000,
        "iops_stddev" : 0.000000,
        "iops_samples" : 0
      },
      "write" : {
        "io_bytes" : 536870912,
        "io_kbytes" : 524288,
        "bw_bytes" : 54449382,
        "bw" : 53173,
        "iops" : 51.926978,
        "runtime" : 9860,
        "total_ios" : 512,
        "short_ios" : 0,
        "drop_ios" : 0,
        "slat_ns" : {
          "min" : 0,
          "max" : 0,
          "mean" : 0.000000,
          "stddev" : 0.000000,
          "N" : 0
        },
        "clat_ns" : {
          "min" : 209255,
          "max" : 573389830,
          "mean" : 11254739.406250,
          "stddev" : 28549527.661127,
          "N" : 512,
          "percentile" : {
            "1.000000" : 214016,
            "5.000000" : 216064,
            "10.000000" : 248832,
            "20.000000" : 366592,
            "30.000000" : 382976,
            "40.000000" : 423936,
            "50.000000" : 700416,
            "60.000000" : 2039808,
            "70.000000" : 17432576,
            "80.000000" : 23986176,
            "90.000000" : 31850496,
            "95.000000" : 39583744,
            "99.000000" : 55312384,
            "99.500000" : 58458112,
            "99.900000" : 574619648,
            "99.950000" : 574619648,
            "99.990000" : 574619648
          }
        },
        "lat_ns" : {
          "min" : 222904,
          "max" : 573425881,
          "mean" : 11297308.136719,
          "stddev" : 28558436.696486,
          "N" : 512
        },
        "bw_min" : 30720,
        "bw_max" : 227104,
        "bw_agg" : 100.000000,
        "bw_mean" : 77245.090909,
        "bw_dev" : 66394.897469,
        "bw_samples" : 11,
        "iops_min" : 30,
        "iops_max" : 221,
        "iops_mean" : 75.363636,
        "iops_stddev" : 64.662621,
        "iops_samples" : 11
      },
      "trim" : {
        "io_bytes" : 0,
        "io_kbytes" : 0,
        "bw_bytes" : 0,
        "bw" : 0,
        "iops" : 0.000000,
        "runtime" : 0,
        "total_ios" : 0,
        "short_ios" : 0,
        "drop_ios" : 0,
        "slat_ns" : {
          "min" : 0,
          "max" : 0,
          "mean" : 0.000000,
          "stddev" : 0.000000,
          "N" : 0
        },
        "clat_ns" : {
          "min" : 0,
          "max" : 0,
          "mean" : 0.000000,
          "stddev" : 0.000000,
          "N" : 0
        },
        "lat_ns" : {
          "min" : 0,
          "max" : 0,
          "mean" : 0.000000,
          "stddev" : 0.000000,
          "N" : 0
        },
        "bw_min" : 0,
        "bw_max" : 0,
        "bw_agg" : 0.000000,
        "bw_mean" : 0.000000,
        "bw_dev" : 0.000000,
        "bw_samples" : 0,
        "iops_min" : 0,
        "iops_max" : 0,
        "iops_mean" : 0.000000,
        "iops_stddev" : 0.000000,
        "iops_samples" : 0
      },
      "sync" : {
        "total_ios" : 0,
        "lat_ns" : {
          "min" : 0,
          "max" : 0,
          "mean" : 0.000000,
          "stddev" : 0.000000,
          "N" : 0
        }
      },
      "job_runtime" : 9859,
      "usr_cpu" : 0.142002,
      "sys_cpu" : 8.641850,
      "ctx" : 443,
      "majf" : 0,
      "minf" : 13,
      "iodepth_level" : {
        "1" : 100.000000,
        "2" : 0.000000,
        "4" : 0.000000,
        "8" : 0.000000,
        "16" : 0.000000,
        "32" : 0.000000,
        ">=64" : 0.000000
      },
      "iodepth_submit" : {
        "0" : 0.000000,
        "4" : 100.000000,
        "8" : 0.000000,
        "16" : 0.000000,
        "32" : 0.000000,
        "64" : 0.000000,
        ">=64" : 0.000000
      },
      "iodepth_complete" : {
        "0" : 0.000000,
        "4" : 100.000000,
        "8" : 0.000000,
        "16" : 0.000000,
        "32" : 0.000000,
        "64" : 0.000000,
        ">=64" : 0.000000
      },
      "latency_ns" : {
        "2" : 0.000000,
        "4" : 0.000000,
        "10" : 0.000000,
        "20" : 0.000000,
        "50" : 0.000000,
        "100" : 0.000000,
        "250" : 0.000000,
        "500" : 0.000000,
        "750" : 0.000000,
        "1000" : 0.000000
      },
      "latency_us" : {
        "2" : 0.000000,
        "4" : 0.000000,
        "10" : 0.000000,
        "20" : 0.000000,
        "50" : 0.000000,
        "100" : 0.000000,
        "250" : 10.351562,
        "500" : 34.765625,
        "750" : 6.835938,
        "1000" : 2.539062
      },
      "latency_ms" : {
        "2" : 5.273438,
        "4" : 2.929688,
        "10" : 1.562500,
        "20" : 6.640625,
        "50" : 27.734375,
        "100" : 1.171875,
        "250" : 0.000000,
        "500" : 0.000000,
        "750" : 0.195312,
        "1000" : 0.000000,
        "2000" : 0.000000,
        ">=2000" : 0.000000
      },
      "latency_depth" : 1,
      "latency_target" : 0,
      "latency_percentile" : 100.000000,
      "latency_window" : 0
    }
  ],
  "disk_util" : [
    {
      "name" : "vda",
      "read_ios" : 0,
      "write_ios" : 381,
      "read_merges" : 0,
      "write_merges" : 12,
      "read_ticks" : 0,
      "write_ticks" : 663690,
      "in_queue" : 663690,
      "util" : 93.649328
    }
  ]
}
