{
    "count": 100,
    "min": 1.04904e-05,
    "max": 5.79257,
    "avg": 2.8281,
    "median": 2.71096,
    "stddev": 2.82845,
    "p95": 5.72753,
    "p99": 5.75399
}
