{
    "count": 100,
    "min": 4.77629,
    "max": 13.8618,
    "avg": 9.98478,
    "median": 10.1739,
    "stddev": 1.74628,
    "p95": 12.8192,
    "p99": 13.8199
}
