{
    "count": 100,
    "min": 9964.759468,
    "max": 168419.409958,
    "avg": 18373.2,
    "median": 16532.1,
    "stddev": 15516.7,
    "p95": 23731.377464,
    "p99": 28387.998573
}
