{
  "fio version" : "fio-3.33",
  "timestamp" : 1754840557,
  "timestamp_ms" : 1754840557776,
  "time" : "Sun Aug 10 17:42:37 2025",
  "jobs" : [
    {
      "jobname" : "randread",
      "groupid" : 0,
      "error" : 0,
      "eta" : 0,
      "elapsed" : 61,
      "job options" : {
        "name" : "randread",
        "rw" : "randread",
        "bs" : "4k",
        "size" : "512M",
        "runtime" : "60",
        "numjobs" : "1",
        "iodepth" : "32"
      },
      "read" : {
        "io_bytes" : 28508160,
        "io_kbytes" : 27840,
        "bw_bytes" : 475072,
        "bw" : 463,
        "iops" : 115.984535,
        "runtime" : 60008,
        "total_ios" : 6960,
        "short_ios" : 0,
        "drop_ios" : 0,
        "slat_ns" : {
          "min" : 0,
          "max" : 0,
          "mean" : 0.000000,
          "stddev" : 0.000000,
          "N" : 0
        },
        "clat_ns" : {
          "min" : 201826,
          "max" : 132230162,
          "mean" : 8612165.634914,
          "stddev" : 8747418.368819,
          "N" : 6960,
          "percentile" : {
            "1.000000" : 329728,
            "5.000000" : 2605056,
            "10.000000" : 3129344,
            "20.000000" : 4079616,
            "30.000000" : 5013504,
            "40.000000" : 5996544,
            "50.000000" : 6914048,
            "60.000000" : 7897088,
            "70.000000" : 8847360,
            "80.000000" : 9764864,
            "90.000000" : 11337728,
            "95.000000" : 23986176,
            "99.000000" : 44302336,
            "99.500000" : 54263808,
            "99.900000" : 113770496,
            "99.950000" : 121110528,
            "99.990000" : 132644864
          }
        },
        "lat_ns" : {
          "min" : 202350,
          "max" : 132230980,
          "mean" : 8612892.825718,
          "stddev" : 8747434.919517,
          "N" : 6960
        },
        "bw_min" : 224,
        "bw_max" : 656,
        "bw_agg" : 99.797925,
        "bw_mean" : 463.932773,
        "bw_dev" : 94.413419,
        "bw_samples" : 119,
        "iops_min" : 56,
        "iops_max" : 164,
        "iops_mean" : 115.983193,
        "iops_stddev" : 23.603355,
        "iops_samples" : 119
      },
      "write" : {
        "io_bytes" : 0,
        "io_kbytes" : 0,
        "bw_bytes" : 0,
        "bw" : 0,
        "iops" : 0.000000,
        "runtime" : 0,
        "total_ios" : 0,
        "short_ios" : 0,
        "drop_ios" : 0,
        "slat_ns" : {
          "min" : 0,
          "max" : 0,
          "mean" : 0.000000,
          "stddev" : 0.000000,
          "N" : 0
        },
        "clat_ns" : {
          "min" : 0,
          "max" : 0,
          "mean" : 0.000000,
          "stddev" : 0.000000,
          "N" : 0
        },
        "lat_ns" : {
          "min" : 0,
          "max" : 0,
          "mean" : 0.000000,
          "stddev" : 0.000000,
          "N" : 0
        },
        "bw_min" : 0,
        "bw_max" : 0,
        "bw_agg" : 0.000000,
        "bw_mean" : 0.000000,
        "bw_dev" : 0.000000,
        "bw_samples" : 0,
        "iops_min" : 0,
        "iops_max" : 0,
        "iops_mean" : 0.000000,
        "iops_stddev" : 0.000000,
        "iops_samples" : 0
      },
      "trim" : {
        "io_bytes" : 0,
        "io_kbytes" : 0,
        "bw_bytes" : 0,
        "bw" : 0,
        "iops" : 0.000000,
        "runtime" : 0,
        "total_ios" : 0,
        "short_ios" : 0,
        "drop_ios" : 0,
        "slat_ns" : {
          "min" : 0,
          "max" : 0,
          "mean" : 0.000000,
          "stddev" : 0.000000,
          "N" : 0
        },
        "clat_ns" : {
          "min" : 0,
          "max" : 0,
          "mean" : 0.000000,
          "stddev" : 0.000000,
          "N" : 0
        },
        "lat_ns" : {
          "min" : 0,
          "max" : 0,
          "mean" : 0.000000,
          "stddev" : 0.000000,
          "N" : 0
        },
        "bw_min" : 0,
        "bw_max" : 0,
        "bw_agg" : 0.000000,
        "bw_mean" : 0.000000,
        "bw_dev" : 0.000000,
        "bw_samples" : 0,
        "iops_min" : 0,
        "iops_max" : 0,
        "iops_mean" : 0.000000,
        "iops_stddev" : 0.000000,
        "iops_samples" : 0
      },
      "sync" : {
        "total_ios" : 0,
        "lat_ns" : {
          "min" : 0,
          "max" : 0,
          "mean" : 0.000000,
          "stddev" : 0.000000,
          "N" : 0
        }
      },
      "job_runtime" : 60007,
      "usr_cpu" : 0.178313,
      "sys_cpu" : 0.766577,
      "ctx" : 6963,
      "majf" : 0,
      "minf" : 11,
      "iodepth_level" : {
        "1" : 100.000000,
        "2" : 0.000000,
        "4" : 0.000000,
        "8" : 0.000000,
        "16" : 0.000000,
        "32" : 0.000000,
        ">=64" : 0.000000
      },
      "iodepth_submit" : {
        "0" : 0.000000,
        "4" : 100.000000,
        "8" : 0.000000,
        "16" : 0.000000,
        "32" : 0.000000,
        "64" : 0.000000,
        ">=64" : 0.000000
      },
      "iodepth_complete" : {
        "0" : 0.000000,
        "4" : 100.000000,
        "8" : 0.000000,
        "16" : 0.000000,
        "32" : 0.000000,
        "64" : 0.000000,
        ">=64" : 0.000000
      },
      "latency_ns" : {
        "2" : 0.000000,
        "4" : 0.000000,
        "10" : 0.000000,
        "20" : 0.000000,
        "50" : 0.000000,
        "100" : 0.000000,
        "250" : 0.000000,
        "500" : 0.000000,
        "750" : 0.000000,
        "1000" : 0.000000
      },
      "latency_us" : {
        "2" : 0.000000,
        "4" : 0.000000,
        "10" : 0.000000,
        "20" : 0.000000,
        "50" : 0.000000,
        "100" : 0.000000,
        "250" : 0.158046,
        "500" : 1.192529,
        "750" : 0.129310,
        "1000" : 0.445402
      },
      "latency_ms" : {
        "2" : 0.359195,
        "4" : 16.939655,
        "10" : 63.333333,
        "20" : 11.048851,
        "50" : 5.704023,
        "100" : 0.545977,
        "250" : 0.143678,
        "500" : 0.000000,
        "750" : 0.000000,
        "1000" : 0.000000,
        "2000" : 0.000000,
        ">=2000" : 0.000000
      },
      "latency_depth" : 32,
      "latency_target" : 0,
      "latency_percentile" : 100.000000,
      "latency_window" : 0
    }
  ],
  "disk_util" : [
    {
      "name" : "sdb",
      "read_ios" : 6972,
      "write_ios" : 1894,
      "read_merges" : 1,
      "write_merges" : 302,
      "read_ticks" : 59650,
      "write_ticks" : 19054,
      "in_queue" : 94356,
      "util" : 95.229514
    }
  ]
}
