{
  "fio version" : "fio-3.33",
  "timestamp" : 1754840920,
  "timestamp_ms" : 1754840920344,
  "time" : "Sun Aug 10 17:48:40 2025",
  "jobs" : [
    {
      "jobname" : "randread",
      "groupid" : 0,
      "error" : 0,
      "eta" : 0,
      "elapsed" : 61,
      "job options" : {
        "name" : "randread",
        "rw" : "randread",
        "bs" : "4k",
        "size" : "512M",
        "runtime" : "60",
        "numjobs" : "1",
        "iodepth" : "32"
      },
      "read" : {
        "io_bytes" : 29188096,
        "io_kbytes" : 28504,
        "bw_bytes" : 486452,
        "bw" : 475,
        "iops" : 118.762708,
        "runtime" : 60002,
        "total_ios" : 7126,
        "short_ios" : 0,
        "drop_ios" : 0,
        "slat_ns" : {
          "min" : 0,
          "max" : 0,
          "mean" : 0.000000,
          "stddev" : 0.000000,
          "N" : 0
        },
        "clat_ns" : {
          "min" : 232703,
          "max" : 248452590,
          "mean" : 8410540.325989,
          "stddev" : 8160150.806621,
          "N" : 7126,
          "percentile" : {
            "1.000000" : 313344,
            "5.000000" : 2605056,
            "10.000000" : 3096576,
            "20.000000" : 4046848,
            "30.000000" : 4947968,
            "40.000000" : 5996544,
            "50.000000" : 6914048,
            "60.000000" : 7831552,
            "70.000000" : 8847360,
            "80.000000" : 9764864,
            "90.000000" : 11075584,
            "95.000000" : 22675456,
            "99.000000" : 41156608,
            "99.500000" : 47972352,
            "99.900000" : 78118912,
            "99.950000" : 93847552,
            "99.990000" : 248512512
          }
        },
        "lat_ns" : {
          "min" : 233440,
          "max" : 248453735,
          "mean" : 8411315.468145,
          "stddev" : 8160170.658975,
          "N" : 7126
        },
        "bw_min" : 176,
        "bw_max" : 672,
        "bw_agg" : 99.989310,
        "bw_mean" : 475.899160,
        "bw_dev" : 95.874865,
        "bw_samples" : 119,
        "iops_min" : 44,
        "iops_max" : 168,
        "iops_mean" : 118.974790,
        "iops_stddev" : 23.968716,
        "iops_samples" : 119
      },
      "write" : {
        "io_bytes" : 0,
        "io_kbytes" : 0,
        "bw_bytes" : 0,
        "bw" : 0,
        "iops" : 0.000000,
        "runtime" : 0,
        "total_ios" : 0,
        "short_ios" : 0,
        "drop_ios" : 0,
        "slat_ns" : {
          "min" : 0,
          "max" : 0,
          "mean" : 0.000000,
          "stddev" : 0.000000,
          "N" : 0
        },
        "clat_ns" : {
          "min" : 0,
          "max" : 0,
          "mean" : 0.000000,
          "stddev" : 0.000000,
          "N" : 0
        },
        "lat_ns" : {
          "min" : 0,
          "max" : 0,
          "mean" : 0.000000,
          "stddev" : 0.000000,
          "N" : 0
        },
        "bw_min" : 0,
        "bw_max" : 0,
        "bw_agg" : 0.000000,
        "bw_mean" : 0.000000,
        "bw_dev" : 0.000000,
        "bw_samples" : 0,
        "iops_min" : 0,
        "iops_max" : 0,
        "iops_mean" : 0.000000,
        "iops_stddev" : 0.000000,
        "iops_samples" : 0
      },
      "trim" : {
        "io_bytes" : 0,
        "io_kbytes" : 0,
        "bw_bytes" : 0,
        "bw" : 0,
        "iops" : 0.000000,
        "runtime" : 0,
        "total_ios" : 0,
        "short_ios" : 0,
        "drop_ios" : 0,
        "slat_ns" : {
          "min" : 0,
          "max" : 0,
          "mean" : 0.000000,
          "stddev" : 0.000000,
          "N" : 0
        },
        "clat_ns" : {
          "min" : 0,
          "max" : 0,
          "mean" : 0.000000,
          "stddev" : 0.000000,
          "N" : 0
        },
        "lat_ns" : {
          "min" : 0,
          "max" : 0,
          "mean" : 0.000000,
          "stddev" : 0.000000,
          "N" : 0
        },
        "bw_min" : 0,
        "bw_max" : 0,
        "bw_agg" : 0.000000,
        "bw_mean" : 0.000000,
        "bw_dev" : 0.000000,
        "bw_samples" : 0,
        "iops_min" : 0,
        "iops_max" : 0,
        "iops_mean" : 0.000000,
        "iops_stddev" : 0.000000,
        "iops_samples" : 0
      },
      "sync" : {
        "total_ios" : 0,
        "lat_ns" : {
          "min" : 0,
          "max" : 0,
          "mean" : 0.000000,
          "stddev" : 0.000000,
          "N" : 0
        }
      },
      "job_runtime" : 60001,
      "usr_cpu" : 0.216663,
      "sys_cpu" : 0.758321,
      "ctx" : 7127,
      "majf" : 0,
      "minf" : 12,
      "iodepth_level" : {
        "1" : 100.000000,
        "2" : 0.000000,
        "4" : 0.000000,
        "8" : 0.000000,
        "16" : 0.000000,
        "32" : 0.000000,
        ">=64" : 0.000000
      },
      "iodepth_submit" : {
        "0" : 0.000000,
        "4" : 100.000000,
        "8" : 0.000000,
        "16" : 0.000000,
        "32" : 0.000000,
        "64" : 0.000000,
        ">=64" : 0.000000
      },
      "iodepth_complete" : {
        "0" : 0.000000,
        "4" : 100.000000,
        "8" : 0.000000,
        "16" : 0.000000,
        "32" : 0.000000,
        "64" : 0.000000,
        ">=64" : 0.000000
      },
      "latency_ns" : {
        "2" : 0.000000,
        "4" : 0.000000,
        "10" : 0.000000,
        "20" : 0.000000,
        "50" : 0.000000,
        "100" : 0.000000,
        "250" : 0.000000,
        "500" : 0.000000,
        "750" : 0.000000,
        "1000" : 0.000000
      },
      "latency_us" : {
        "2" : 0.000000,
        "4" : 0.000000,
        "10" : 0.000000,
        "20" : 0.000000,
        "50" : 0.000000,
        "100" : 0.000000,
        "250" : 0.126298,
        "500" : 1.291047,
        "750" : 0.140331,
        "1000" : 0.477126
      },
      "latency_ms" : {
        "2" : 0.238563,
        "4" : 16.980073,
        "10" : 63.682290,
        "20" : 10.931799,
        "50" : 5.683413,
        "100" : 0.406960,
        "250" : 0.042099,
        "500" : 0.000000,
        "750" : 0.000000,
        "1000" : 0.000000,
        "2000" : 0.000000,
        ">=2000" : 0.000000
      },
      "latency_depth" : 32,
      "latency_target" : 0,
      "latency_percentile" : 100.000000,
      "latency_window" : 0
    }
  ],
  "disk_util" : [
    {
      "name" : "sdb",
      "read_ios" : 7119,
      "write_ios" : 1832,
      "read_merges" : 0,
      "write_merges" : 286,
      "read_ticks" : 59584,
      "write_ticks" : 18808,
      "in_queue" : 92990,
      "util" : 95.454849
    }
  ]
}
