{
  "fio version" : "fio-3.33",
  "timestamp" : 1754844122,
  "timestamp_ms" : 1754844122912,
  "time" : "Sun Aug 10 18:42:02 2025",
  "jobs" : [
    {
      "jobname" : "randread",
      "groupid" : 0,
      "error" : 0,
      "eta" : 0,
      "elapsed" : 61,
      "job options" : {
        "name" : "randread",
        "rw" : "randread",
        "bs" : "4k",
        "size" : "512M",
        "runtime" : "60",
        "numjobs" : "1",
        "iodepth" : "32"
      },
      "read" : {
        "io_bytes" : 29040640,
        "io_kbytes" : 28360,
        "bw_bytes" : 483986,
        "bw" : 472,
        "iops" : 118.160759,
        "runtime" : 60003,
        "total_ios" : 7090,
        "short_ios" : 0,
        "drop_ios" : 0,
        "slat_ns" : {
          "min" : 0,
          "max" : 0,
          "mean" : 0.000000,
          "stddev" : 0.000000,
          "N" : 0
        },
        "clat_ns" : {
          "min" : 176017,
          "max" : 173025442,
          "mean" : 8453383.293230,
          "stddev" : 8269882.590777,
          "N" : 7090,
          "percentile" : {
            "1.000000" : 337920,
            "5.000000" : 2605056,
            "10.000000" : 3096576,
            "20.000000" : 4079616,
            "30.000000" : 4947968,
            "40.000000" : 5931008,
            "50.000000" : 6914048,
            "60.000000" : 7831552,
            "70.000000" : 8847360,
            "80.000000" : 9764864,
            "90.000000" : 10944512,
            "95.000000" : 22937600,
            "99.000000" : 43778048,
            "99.500000" : 50069504,
            "99.900000" : 88604672,
            "99.950000" : 107479040,
            "99.990000" : 173015040
          }
        },
        "lat_ns" : {
          "min" : 176250,
          "max" : 173026484,
          "mean" : 8454128.657123,
          "stddev" : 8269899.657262,
          "N" : 7090
        },
        "bw_min" : 264,
        "bw_max" : 672,
        "bw_agg" : 100.000000,
        "bw_mean" : 473.411765,
        "bw_dev" : 102.849686,
        "bw_samples" : 119,
        "iops_min" : 66,
        "iops_max" : 168,
        "iops_mean" : 118.352941,
        "iops_stddev" : 25.712421,
        "iops_samples" : 119
      },
      "write" : {
        "io_bytes" : 0,
        "io_kbytes" : 0,
        "bw_bytes" : 0,
        "bw" : 0,
        "iops" : 0.000000,
        "runtime" : 0,
        "total_ios" : 0,
        "short_ios" : 0,
        "drop_ios" : 0,
        "slat_ns" : {
          "min" : 0,
          "max" : 0,
          "mean" : 0.000000,
          "stddev" : 0.000000,
          "N" : 0
        },
        "clat_ns" : {
          "min" : 0,
          "max" : 0,
          "mean" : 0.000000,
          "stddev" : 0.000000,
          "N" : 0
        },
        "lat_ns" : {
          "min" : 0,
          "max" : 0,
          "mean" : 0.000000,
          "stddev" : 0.000000,
          "N" : 0
        },
        "bw_min" : 0,
        "bw_max" : 0,
        "bw_agg" : 0.000000,
        "bw_mean" : 0.000000,
        "bw_dev" : 0.000000,
        "bw_samples" : 0,
        "iops_min" : 0,
        "iops_max" : 0,
        "iops_mean" : 0.000000,
        "iops_stddev" : 0.000000,
        "iops_samples" : 0
      },
      "trim" : {
        "io_bytes" : 0,
        "io_kbytes" : 0,
        "bw_bytes" : 0,
        "bw" : 0,
        "iops" : 0.000000,
        "runtime" : 0,
        "total_ios" : 0,
        "short_ios" : 0,
        "drop_ios" : 0,
        "slat_ns" : {
          "min" : 0,
          "max" : 0,
          "mean" : 0.000000,
          "stddev" : 0.000000,
          "N" : 0
        },
        "clat_ns" : {
          "min" : 0,
          "max" : 0,
          "mean" : 0.000000,
          "stddev" : 0.000000,
          "N" : 0
        },
        "lat_ns" : {
          "min" : 0,
          "max" : 0,
          "mean" : 0.000000,
          "stddev" : 0.000000,
          "N" : 0
        },
        "bw_min" : 0,
        "bw_max" : 0,
        "bw_agg" : 0.000000,
        "bw_mean" : 0.000000,
        "bw_dev" : 0.000000,
        "bw_samples" : 0,
        "iops_min" : 0,
        "iops_max" : 0,
        "iops_mean" : 0.000000,
        "iops_stddev" : 0.000000,
        "iops_samples" : 0
      },
      "sync" : {
        "total_ios" : 0,
        "lat_ns" : {
          "min" : 0,
          "max" : 0,
          "mean" : 0.000000,
          "stddev" : 0.000000,
          "N" : 0
        }
      },
      "job_runtime" : 60002,
      "usr_cpu" : 0.183327,
      "sys_cpu" : 0.779974,
      "ctx" : 7093,
      "majf" : 0,
      "minf" : 11,
      "iodepth_level" : {
        "1" : 100.000000,
        "2" : 0.000000,
        "4" : 0.000000,
        "8" : 0.000000,
        "16" : 0.000000,
        "32" : 0.000000,
        ">=64" : 0.000000
      },
      "iodepth_submit" : {
        "0" : 0.000000,
        "4" : 100.000000,
        "8" : 0.000000,
        "16" : 0.000000,
        "32" : 0.000000,
        "64" : 0.000000,
        ">=64" : 0.000000
      },
      "iodepth_complete" : {
        "0" : 0.000000,
        "4" : 100.000000,
        "8" : 0.000000,
        "16" : 0.000000,
        "32" : 0.000000,
        "64" : 0.000000,
        ">=64" : 0.000000
      },
      "latency_ns" : {
        "2" : 0.000000,
        "4" : 0.000000,
        "10" : 0.000000,
        "20" : 0.000000,
        "50" : 0.000000,
        "100" : 0.000000,
        "250" : 0.000000,
        "500" : 0.000000,
        "750" : 0.000000,
        "1000" : 0.000000
      },
      "latency_us" : {
        "2" : 0.000000,
        "4" : 0.000000,
        "10" : 0.000000,
        "20" : 0.000000,
        "50" : 0.000000,
        "100" : 0.000000,
        "250" : 0.112835,
        "500" : 1.170663,
        "750" : 0.211566,
        "1000" : 0.479549
      },
      "latency_ms" : {
        "2" : 0.310296,
        "4" : 17.038082,
        "10" : 63.864598,
        "20" : 10.578279,
        "50" : 5.698166,
        "100" : 0.451340,
        "250" : 0.084626,
        "500" : 0.000000,
        "750" : 0.000000,
        "1000" : 0.000000,
        "2000" : 0.000000,
        ">=2000" : 0.000000
      },
      "latency_depth" : 32,
      "latency_target" : 0,
      "latency_percentile" : 100.000000,
      "latency_window" : 0
    }
  ],
  "disk_util" : [
    {
      "name" : "sdb",
      "read_ios" : 7078,
      "write_ios" : 1881,
      "read_merges" : 2,
      "write_merges" : 385,
      "read_ticks" : 59377,
      "write_ticks" : 19891,
      "in_queue" : 94579,
      "util" : 94.755636
    }
  ]
}
