{
  "fio version" : "fio-3.33",
  "timestamp" : 1754840859,
  "timestamp_ms" : 1754840859951,
  "time" : "Sun Aug 10 17:47:39 2025",
  "jobs" : [
    {
      "jobname" : "randread",
      "groupid" : 0,
      "error" : 0,
      "eta" : 0,
      "elapsed" : 61,
      "job options" : {
        "name" : "randread",
        "rw" : "randread",
        "bs" : "4k",
        "size" : "512M",
        "runtime" : "60",
        "numjobs" : "1",
        "iodepth" : "32"
      },
      "read" : {
        "io_bytes" : 28680192,
        "io_kbytes" : 28008,
        "bw_bytes" : 477939,
        "bw" : 466,
        "iops" : 116.684442,
        "runtime" : 60008,
        "total_ios" : 7002,
        "short_ios" : 0,
        "drop_ios" : 0,
        "slat_ns" : {
          "min" : 0,
          "max" : 0,
          "mean" : 0.000000,
          "stddev" : 0.000000,
          "N" : 0
        },
        "clat_ns" : {
          "min" : 199387,
          "max" : 118608543,
          "mean" : 8561841.893887,
          "stddev" : 8686576.087130,
          "N" : 7002,
          "percentile" : {
            "1.000000" : 346112,
            "5.000000" : 2605056,
            "10.000000" : 3096576,
            "20.000000" : 4046848,
            "30.000000" : 4947968,
            "40.000000" : 5931008,
            "50.000000" : 6914048,
            "60.000000" : 7831552,
            "70.000000" : 8847360,
            "80.000000" : 9764864,
            "90.000000" : 11075584,
            "95.000000" : 23461888,
            "99.000000" : 44826624,
            "99.500000" : 57933824,
            "99.900000" : 96993280,
            "99.950000" : 113770496,
            "99.990000" : 119013376
          }
        },
        "lat_ns" : {
          "min" : 199813,
          "max" : 118609265,
          "mean" : 8562588.711939,
          "stddev" : 8686596.252174,
          "N" : 7002
        },
        "bw_min" : 248,
        "bw_max" : 664,
        "bw_agg" : 99.842030,
        "bw_mean" : 466.352941,
        "bw_dev" : 100.079171,
        "bw_samples" : 119,
        "iops_min" : 62,
        "iops_max" : 166,
        "iops_mean" : 116.588235,
        "iops_stddev" : 25.019793,
        "iops_samples" : 119
      },
      "write" : {
        "io_bytes" : 0,
        "io_kbytes" : 0,
        "bw_bytes" : 0,
        "bw" : 0,
        "iops" : 0.000000,
        "runtime" : 0,
        "total_ios" : 0,
        "short_ios" : 0,
        "drop_ios" : 0,
        "slat_ns" : {
          "min" : 0,
          "max" : 0,
          "mean" : 0.000000,
          "stddev" : 0.000000,
          "N" : 0
        },
        "clat_ns" : {
          "min" : 0,
          "max" : 0,
          "mean" : 0.000000,
          "stddev" : 0.000000,
          "N" : 0
        },
        "lat_ns" : {
          "min" : 0,
          "max" : 0,
          "mean" : 0.000000,
          "stddev" : 0.000000,
          "N" : 0
        },
        "bw_min" : 0,
        "bw_max" : 0,
        "bw_agg" : 0.000000,
        "bw_mean" : 0.000000,
        "bw_dev" : 0.000000,
        "bw_samples" : 0,
        "iops_min" : 0,
        "iops_max" : 0,
        "iops_mean" : 0.000000,
        "iops_stddev" : 0.000000,
        "iops_samples" : 0
      },
      "trim" : {
        "io_bytes" : 0,
        "io_kbytes" : 0,
        "bw_bytes" : 0,
        "bw" : 0,
        "iops" : 0.000000,
        "runtime" : 0,
        "total_ios" : 0,
        "short_ios" : 0,
        "drop_ios" : 0,
        "slat_ns" : {
          "min" : 0,
          "max" : 0,
          "mean" : 0.000000,
          "stddev" : 0.000000,
          "N" : 0
        },
        "clat_ns" : {
          "min" : 0,
          "max" : 0,
          "mean" : 0.000000,
          "stddev" : 0.000000,
          "N" : 0
        },
        "lat_ns" : {
          "min" : 0,
          "max" : 0,
          "mean" : 0.000000,
          "stddev" : 0.000000,
          "N" : 0
        },
        "bw_min" : 0,
        "bw_max" : 0,
        "bw_agg" : 0.000000,
        "bw_mean" : 0.000000,
        "bw_dev" : 0.000000,
        "bw_samples" : 0,
        "iops_min" : 0,
        "iops_max" : 0,
        "iops_mean" : 0.000000,
        "iops_stddev" : 0.000000,
        "iops_samples" : 0
      },
      "sync" : {
        "total_ios" : 0,
        "lat_ns" : {
          "min" : 0,
          "max" : 0,
          "mean" : 0.000000,
          "stddev" : 0.000000,
          "N" : 0
        }
      },
      "job_runtime" : 60007,
      "usr_cpu" : 0.213308,
      "sys_cpu" : 0.718250,
      "ctx" : 7002,
      "majf" : 0,
      "minf" : 11,
      "iodepth_level" : {
        "1" : 100.000000,
        "2" : 0.000000,
        "4" : 0.000000,
        "8" : 0.000000,
        "16" : 0.000000,
        "32" : 0.000000,
        ">=64" : 0.000000
      },
      "iodepth_submit" : {
        "0" : 0.000000,
        "4" : 100.000000,
        "8" : 0.000000,
        "16" : 0.000000,
        "32" : 0.000000,
        "64" : 0.000000,
        ">=64" : 0.000000
      },
      "iodepth_complete" : {
        "0" : 0.000000,
        "4" : 100.000000,
        "8" : 0.000000,
        "16" : 0.000000,
        "32" : 0.000000,
        "64" : 0.000000,
        ">=64" : 0.000000
      },
      "latency_ns" : {
        "2" : 0.000000,
        "4" : 0.000000,
        "10" : 0.000000,
        "20" : 0.000000,
        "50" : 0.000000,
        "100" : 0.000000,
        "250" : 0.000000,
        "500" : 0.000000,
        "750" : 0.000000,
        "1000" : 0.000000
      },
      "latency_us" : {
        "2" : 0.000000,
        "4" : 0.000000,
        "10" : 0.000000,
        "20" : 0.000000,
        "50" : 0.000000,
        "100" : 0.000000,
        "250" : 0.128535,
        "500" : 1.228221,
        "750" : 0.185661,
        "1000" : 0.442731
      },
      "latency_ms" : {
        "2" : 0.214225,
        "4" : 17.366467,
        "10" : 63.296201,
        "20" : 10.939732,
        "50" : 5.441302,
        "100" : 0.671237,
        "250" : 0.085690,
        "500" : 0.000000,
        "750" : 0.000000,
        "1000" : 0.000000,
        "2000" : 0.000000,
        ">=2000" : 0.000000
      },
      "latency_depth" : 32,
      "latency_target" : 0,
      "latency_percentile" : 100.000000,
      "latency_window" : 0
    }
  ],
  "disk_util" : [
    {
      "name" : "sdb",
      "read_ios" : 6999,
      "write_ios" : 1868,
      "read_merges" : 0,
      "write_merges" : 296,
      "read_ticks" : 59595,
      "write_ticks" : 19741,
      "in_queue" : 95103,
      "util" : 95.334713
    }
  ]
}
