{
  "fio version" : "fio-3.33",
  "timestamp" : 1754842853,
  "timestamp_ms" : 1754842853904,
  "time" : "Sun Aug 10 18:20:53 2025",
  "jobs" : [
    {
      "jobname" : "randread",
      "groupid" : 0,
      "error" : 0,
      "eta" : 0,
      "elapsed" : 61,
      "job options" : {
        "name" : "randread",
        "rw" : "randread",
        "bs" : "4k",
        "size" : "512M",
        "runtime" : "60",
        "numjobs" : "1",
        "iodepth" : "32"
      },
      "read" : {
        "io_bytes" : 28884992,
        "io_kbytes" : 28208,
        "bw_bytes" : 481336,
        "bw" : 470,
        "iops" : 117.513748,
        "runtime" : 60010,
        "total_ios" : 7052,
        "short_ios" : 0,
        "drop_ios" : 0,
        "slat_ns" : {
          "min" : 0,
          "max" : 0,
          "mean" : 0.000000,
          "stddev" : 0.000000,
          "N" : 0
        },
        "clat_ns" : {
          "min" : 182617,
          "max" : 139176371,
          "mean" : 8499959.261344,
          "stddev" : 8057102.641262,
          "N" : 7052,
          "percentile" : {
            "1.000000" : 329728,
            "5.000000" : 2572288,
            "10.000000" : 3096576,
            "20.000000" : 4046848,
            "30.000000" : 4947968,
            "40.000000" : 5996544,
            "50.000000" : 6979584,
            "60.000000" : 7897088,
            "70.000000" : 8847360,
            "80.000000" : 9764864,
            "90.000000" : 11337728,
            "95.000000" : 23461888,
            "99.000000" : 41680896,
            "99.500000" : 51118080,
            "99.900000" : 77070336,
            "99.950000" : 88604672,
            "99.990000" : 139460608
          }
        },
        "lat_ns" : {
          "min" : 183008,
          "max" : 139177445,
          "mean" : 8500700.180516,
          "stddev" : 8057116.777126,
          "N" : 7052
        },
        "bw_min" : 224,
        "bw_max" : 616,
        "bw_agg" : 100.000000,
        "bw_mean" : 471.319328,
        "bw_dev" : 74.131003,
        "bw_samples" : 119,
        "iops_min" : 56,
        "iops_max" : 154,
        "iops_mean" : 117.823529,
        "iops_stddev" : 18.535649,
        "iops_samples" : 119
      },
      "write" : {
        "io_bytes" : 0,
        "io_kbytes" : 0,
        "bw_bytes" : 0,
        "bw" : 0,
        "iops" : 0.000000,
        "runtime" : 0,
        "total_ios" : 0,
        "short_ios" : 0,
        "drop_ios" : 0,
        "slat_ns" : {
          "min" : 0,
          "max" : 0,
          "mean" : 0.000000,
          "stddev" : 0.000000,
          "N" : 0
        },
        "clat_ns" : {
          "min" : 0,
          "max" : 0,
          "mean" : 0.000000,
          "stddev" : 0.000000,
          "N" : 0
        },
        "lat_ns" : {
          "min" : 0,
          "max" : 0,
          "mean" : 0.000000,
          "stddev" : 0.000000,
          "N" : 0
        },
        "bw_min" : 0,
        "bw_max" : 0,
        "bw_agg" : 0.000000,
        "bw_mean" : 0.000000,
        "bw_dev" : 0.000000,
        "bw_samples" : 0,
        "iops_min" : 0,
        "iops_max" : 0,
        "iops_mean" : 0.000000,
        "iops_stddev" : 0.000000,
        "iops_samples" : 0
      },
      "trim" : {
        "io_bytes" : 0,
        "io_kbytes" : 0,
        "bw_bytes" : 0,
        "bw" : 0,
        "iops" : 0.000000,
        "runtime" : 0,
        "total_ios" : 0,
        "short_ios" : 0,
        "drop_ios" : 0,
        "slat_ns" : {
          "min" : 0,
          "max" : 0,
          "mean" : 0.000000,
          "stddev" : 0.000000,
          "N" : 0
        },
        "clat_ns" : {
          "min" : 0,
          "max" : 0,
          "mean" : 0.000000,
          "stddev" : 0.000000,
          "N" : 0
        },
        "lat_ns" : {
          "min" : 0,
          "max" : 0,
          "mean" : 0.000000,
          "stddev" : 0.000000,
          "N" : 0
        },
        "bw_min" : 0,
        "bw_max" : 0,
        "bw_agg" : 0.000000,
        "bw_mean" : 0.000000,
        "bw_dev" : 0.000000,
        "bw_samples" : 0,
        "iops_min" : 0,
        "iops_max" : 0,
        "iops_mean" : 0.000000,
        "iops_stddev" : 0.000000,
        "iops_samples" : 0
      },
      "sync" : {
        "total_ios" : 0,
        "lat_ns" : {
          "min" : 0,
          "max" : 0,
          "mean" : 0.000000,
          "stddev" : 0.000000,
          "N" : 0
        }
      },
      "job_runtime" : 60009,
      "usr_cpu" : 0.196637,
      "sys_cpu" : 0.759886,
      "ctx" : 7053,
      "majf" : 0,
      "minf" : 11,
      "iodepth_level" : {
        "1" : 100.000000,
        "2" : 0.000000,
        "4" : 0.000000,
        "8" : 0.000000,
        "16" : 0.000000,
        "32" : 0.000000,
        ">=64" : 0.000000
      },
      "iodepth_submit" : {
        "0" : 0.000000,
        "4" : 100.000000,
        "8" : 0.000000,
        "16" : 0.000000,
        "32" : 0.000000,
        "64" : 0.000000,
        ">=64" : 0.000000
      },
      "iodepth_complete" : {
        "0" : 0.000000,
        "4" : 100.000000,
        "8" : 0.000000,
        "16" : 0.000000,
        "32" : 0.000000,
        "64" : 0.000000,
        ">=64" : 0.000000
      },
      "latency_ns" : {
        "2" : 0.000000,
        "4" : 0.000000,
        "10" : 0.000000,
        "20" : 0.000000,
        "50" : 0.000000,
        "100" : 0.000000,
        "250" : 0.000000,
        "500" : 0.000000,
        "750" : 0.000000,
        "1000" : 0.000000
      },
      "latency_us" : {
        "2" : 0.000000,
        "4" : 0.000000,
        "10" : 0.000000,
        "20" : 0.000000,
        "50" : 0.000000,
        "100" : 0.000000,
        "250" : 0.141804,
        "500" : 1.276234,
        "750" : 0.113443,
        "1000" : 0.467952
      },
      "latency_ms" : {
        "2" : 0.226886,
        "4" : 17.356778,
        "10" : 63.287011,
        "20" : 10.294952,
        "50" : 6.310267,
        "100" : 0.496313,
        "250" : 0.028361,
        "500" : 0.000000,
        "750" : 0.000000,
        "1000" : 0.000000,
        "2000" : 0.000000,
        ">=2000" : 0.000000
      },
      "latency_depth" : 32,
      "latency_target" : 0,
      "latency_percentile" : 100.000000,
      "latency_window" : 0
    }
  ],
  "disk_util" : [
    {
      "name" : "sdb",
      "read_ios" : 7047,
      "write_ios" : 1981,
      "read_merges" : 0,
      "write_merges" : 293,
      "read_ticks" : 59434,
      "write_ticks" : 18950,
      "in_queue" : 93808,
      "util" : 95.329629
    }
  ]
}
