{
  "fio version" : "fio-3.33",
  "timestamp" : 1754841464,
  "timestamp_ms" : 1754841464183,
  "time" : "Sun Aug 10 17:57:44 2025",
  "jobs" : [
    {
      "jobname" : "randread",
      "groupid" : 0,
      "error" : 0,
      "eta" : 0,
      "elapsed" : 61,
      "job options" : {
        "name" : "randread",
        "rw" : "randread",
        "bs" : "4k",
        "size" : "512M",
        "runtime" : "60",
        "numjobs" : "1",
        "iodepth" : "32"
      },
      "read" : {
        "io_bytes" : 28512256,
        "io_kbytes" : 27844,
        "bw_bytes" : 475125,
        "bw" : 463,
        "iops" : 115.997334,
        "runtime" : 60010,
        "total_ios" : 6961,
        "short_ios" : 0,
        "drop_ios" : 0,
        "slat_ns" : {
          "min" : 0,
          "max" : 0,
          "mean" : 0.000000,
          "stddev" : 0.000000,
          "N" : 0
        },
        "clat_ns" : {
          "min" : 194032,
          "max" : 121561782,
          "mean" : 8611272.485562,
          "stddev" : 8536751.001725,
          "N" : 6961,
          "percentile" : {
            "1.000000" : 325632,
            "5.000000" : 2605056,
            "10.000000" : 3096576,
            "20.000000" : 4046848,
            "30.000000" : 4947968,
            "40.000000" : 5996544,
            "50.000000" : 6979584,
            "60.000000" : 7897088,
            "70.000000" : 8847360,
            "80.000000" : 9764864,
            "90.000000" : 11730944,
            "95.000000" : 23724032,
            "99.000000" : 43253760,
            "99.500000" : 54263808,
            "99.900000" : 104333312,
            "99.950000" : 111673344,
            "99.990000" : 121110528
          }
        },
        "lat_ns" : {
          "min" : 194258,
          "max" : 121562579,
          "mean" : 8612037.682517,
          "stddev" : 8536757.265408,
          "N" : 6961
        },
        "bw_min" : 184,
        "bw_max" : 640,
        "bw_agg" : 100.000000,
        "bw_mean" : 464.260504,
        "bw_dev" : 89.813787,
        "bw_samples" : 119,
        "iops_min" : 46,
        "iops_max" : 160,
        "iops_mean" : 116.058824,
        "iops_stddev" : 22.459868,
        "iops_samples" : 119
      },
      "write" : {
        "io_bytes" : 0,
        "io_kbytes" : 0,
        "bw_bytes" : 0,
        "bw" : 0,
        "iops" : 0.000000,
        "runtime" : 0,
        "total_ios" : 0,
        "short_ios" : 0,
        "drop_ios" : 0,
        "slat_ns" : {
          "min" : 0,
          "max" : 0,
          "mean" : 0.000000,
          "stddev" : 0.000000,
          "N" : 0
        },
        "clat_ns" : {
          "min" : 0,
          "max" : 0,
          "mean" : 0.000000,
          "stddev" : 0.000000,
          "N" : 0
        },
        "lat_ns" : {
          "min" : 0,
          "max" : 0,
          "mean" : 0.000000,
          "stddev" : 0.000000,
          "N" : 0
        },
        "bw_min" : 0,
        "bw_max" : 0,
        "bw_agg" : 0.000000,
        "bw_mean" : 0.000000,
        "bw_dev" : 0.000000,
        "bw_samples" : 0,
        "iops_min" : 0,
        "iops_max" : 0,
        "iops_mean" : 0.000000,
        "iops_stddev" : 0.000000,
        "iops_samples" : 0
      },
      "trim" : {
        "io_bytes" : 0,
        "io_kbytes" : 0,
        "bw_bytes" : 0,
        "bw" : 0,
        "iops" : 0.000000,
        "runtime" : 0,
        "total_ios" : 0,
        "short_ios" : 0,
        "drop_ios" : 0,
        "slat_ns" : {
          "min" : 0,
          "max" : 0,
          "mean" : 0.000000,
          "stddev" : 0.000000,
          "N" : 0
        },
        "clat_ns" : {
          "min" : 0,
          "max" : 0,
          "mean" : 0.000000,
          "stddev" : 0.000000,
          "N" : 0
        },
        "lat_ns" : {
          "min" : 0,
          "max" : 0,
          "mean" : 0.000000,
          "stddev" : 0.000000,
          "N" : 0
        },
        "bw_min" : 0,
        "bw_max" : 0,
        "bw_agg" : 0.000000,
        "bw_mean" : 0.000000,
        "bw_dev" : 0.000000,
        "bw_samples" : 0,
        "iops_min" : 0,
        "iops_max" : 0,
        "iops_mean" : 0.000000,
        "iops_stddev" : 0.000000,
        "iops_samples" : 0
      },
      "sync" : {
        "total_ios" : 0,
        "lat_ns" : {
          "min" : 0,
          "max" : 0,
          "mean" : 0.000000,
          "stddev" : 0.000000,
          "N" : 0
        }
      },
      "job_runtime" : 60009,
      "usr_cpu" : 0.208302,
      "sys_cpu" : 0.744888,
      "ctx" : 6967,
      "majf" : 0,
      "minf" : 11,
      "iodepth_level" : {
        "1" : 100.000000,
        "2" : 0.000000,
        "4" : 0.000000,
        "8" : 0.000000,
        "16" : 0.000000,
        "32" : 0.000000,
        ">=64" : 0.000000
      },
      "iodepth_submit" : {
        "0" : 0.000000,
        "4" : 100.000000,
        "8" : 0.000000,
        "16" : 0.000000,
        "32" : 0.000000,
        "64" : 0.000000,
        ">=64" : 0.000000
      },
      "iodepth_complete" : {
        "0" : 0.000000,
        "4" : 100.000000,
        "8" : 0.000000,
        "16" : 0.000000,
        "32" : 0.000000,
        "64" : 0.000000,
        ">=64" : 0.000000
      },
      "latency_ns" : {
        "2" : 0.000000,
        "4" : 0.000000,
        "10" : 0.000000,
        "20" : 0.000000,
        "50" : 0.000000,
        "100" : 0.000000,
        "250" : 0.000000,
        "500" : 0.000000,
        "750" : 0.000000,
        "1000" : 0.000000
      },
      "latency_us" : {
        "2" : 0.000000,
        "4" : 0.000000,
        "10" : 0.000000,
        "20" : 0.000000,
        "50" : 0.000000,
        "100" : 0.000000,
        "250" : 0.086195,
        "500" : 1.221089,
        "750" : 0.086195,
        "1000" : 0.502801
      },
      "latency_ms" : {
        "2" : 0.272949,
        "4" : 17.339463,
        "10" : 62.965091,
        "20" : 10.645022,
        "50" : 6.263468,
        "100" : 0.502801,
        "250" : 0.114926,
        "500" : 0.000000,
        "750" : 0.000000,
        "1000" : 0.000000,
        "2000" : 0.000000,
        ">=2000" : 0.000000
      },
      "latency_depth" : 32,
      "latency_target" : 0,
      "latency_percentile" : 100.000000,
      "latency_window" : 0
    }
  ],
  "disk_util" : [
    {
      "name" : "sdb",
      "read_ios" : 6967,
      "write_ios" : 1943,
      "read_merges" : 1,
      "write_merges" : 329,
      "read_ticks" : 59846,
      "write_ticks" : 19270,
      "in_queue" : 95122,
      "util" : 94.869099
    }
  ]
}
