{
  "fio version" : "fio-3.33",
  "timestamp" : 1754840739,
  "timestamp_ms" : 1754840739081,
  "time" : "Sun Aug 10 17:45:39 2025",
  "jobs" : [
    {
      "jobname" : "randread",
      "groupid" : 0,
      "error" : 0,
      "eta" : 0,
      "elapsed" : 61,
      "job options" : {
        "name" : "randread",
        "rw" : "randread",
        "bs" : "4k",
        "size" : "512M",
        "runtime" : "60",
        "numjobs" : "1",
        "iodepth" : "32"
      },
      "read" : {
        "io_bytes" : 28340224,
        "io_kbytes" : 27676,
        "bw_bytes" : 472321,
        "bw" : 461,
        "iops" : 115.312823,
        "runtime" : 60002,
        "total_ios" : 6919,
        "short_ios" : 0,
        "drop_ios" : 0,
        "slat_ns" : {
          "min" : 0,
          "max" : 0,
          "mean" : 0.000000,
          "stddev" : 0.000000,
          "N" : 0
        },
        "clat_ns" : {
          "min" : 222716,
          "max" : 137609562,
          "mean" : 8662292.474780,
          "stddev" : 8876205.130217,
          "N" : 6919,
          "percentile" : {
            "1.000000" : 313344,
            "5.000000" : 2605056,
            "10.000000" : 3096576,
            "20.000000" : 4079616,
            "30.000000" : 5013504,
            "40.000000" : 5996544,
            "50.000000" : 6979584,
            "60.000000" : 7897088,
            "70.000000" : 8847360,
            "80.000000" : 9764864,
            "90.000000" : 12255232,
            "95.000000" : 23724032,
            "99.000000" : 44302336,
            "99.500000" : 54263808,
            "99.900000" : 110624768,
            "99.950000" : 122159104,
            "99.990000" : 137363456
          }
        },
        "lat_ns" : {
          "min" : 223430,
          "max" : 137610502,
          "mean" : 8663076.644746,
          "stddev" : 8876231.221793,
          "N" : 6919
        },
        "bw_min" : 224,
        "bw_max" : 640,
        "bw_agg" : 99.945588,
        "bw_mean" : 461.445378,
        "bw_dev" : 90.945662,
        "bw_samples" : 119,
        "iops_min" : 56,
        "iops_max" : 160,
        "iops_mean" : 115.361345,
        "iops_stddev" : 22.736416,
        "iops_samples" : 119
      },
      "write" : {
        "io_bytes" : 0,
        "io_kbytes" : 0,
        "bw_bytes" : 0,
        "bw" : 0,
        "iops" : 0.000000,
        "runtime" : 0,
        "total_ios" : 0,
        "short_ios" : 0,
        "drop_ios" : 0,
        "slat_ns" : {
          "min" : 0,
          "max" : 0,
          "mean" : 0.000000,
          "stddev" : 0.000000,
          "N" : 0
        },
        "clat_ns" : {
          "min" : 0,
          "max" : 0,
          "mean" : 0.000000,
          "stddev" : 0.000000,
          "N" : 0
        },
        "lat_ns" : {
          "min" : 0,
          "max" : 0,
          "mean" : 0.000000,
          "stddev" : 0.000000,
          "N" : 0
        },
        "bw_min" : 0,
        "bw_max" : 0,
        "bw_agg" : 0.000000,
        "bw_mean" : 0.000000,
        "bw_dev" : 0.000000,
        "bw_samples" : 0,
        "iops_min" : 0,
        "iops_max" : 0,
        "iops_mean" : 0.000000,
        "iops_stddev" : 0.000000,
        "iops_samples" : 0
      },
      "trim" : {
        "io_bytes" : 0,
        "io_kbytes" : 0,
        "bw_bytes" : 0,
        "bw" : 0,
        "iops" : 0.000000,
        "runtime" : 0,
        "total_ios" : 0,
        "short_ios" : 0,
        "drop_ios" : 0,
        "slat_ns" : {
          "min" : 0,
          "max" : 0,
          "mean" : 0.000000,
          "stddev" : 0.000000,
          "N" : 0
        },
        "clat_ns" : {
          "min" : 0,
          "max" : 0,
          "mean" : 0.000000,
          "stddev" : 0.000000,
          "N" : 0
        },
        "lat_ns" : {
          "min" : 0,
          "max" : 0,
          "mean" : 0.000000,
          "stddev" : 0.000000,
          "N" : 0
        },
        "bw_min" : 0,
        "bw_max" : 0,
        "bw_agg" : 0.000000,
        "bw_mean" : 0.000000,
        "bw_dev" : 0.000000,
        "bw_samples" : 0,
        "iops_min" : 0,
        "iops_max" : 0,
        "iops_mean" : 0.000000,
        "iops_stddev" : 0.000000,
        "iops_samples" : 0
      },
      "sync" : {
        "total_ios" : 0,
        "lat_ns" : {
          "min" : 0,
          "max" : 0,
          "mean" : 0.000000,
          "stddev" : 0.000000,
          "N" : 0
        }
      },
      "job_runtime" : 60001,
      "usr_cpu" : 0.163331,
      "sys_cpu" : 0.784987,
      "ctx" : 6923,
      "majf" : 0,
      "minf" : 13,
      "iodepth_level" : {
        "1" : 100.000000,
        "2" : 0.000000,
        "4" : 0.000000,
        "8" : 0.000000,
        "16" : 0.000000,
        "32" : 0.000000,
        ">=64" : 0.000000
      },
      "iodepth_submit" : {
        "0" : 0.000000,
        "4" : 100.000000,
        "8" : 0.000000,
        "16" : 0.000000,
        "32" : 0.000000,
        "64" : 0.000000,
        ">=64" : 0.000000
      },
      "iodepth_complete" : {
        "0" : 0.000000,
        "4" : 100.000000,
        "8" : 0.000000,
        "16" : 0.000000,
        "32" : 0.000000,
        "64" : 0.000000,
        ">=64" : 0.000000
      },
      "latency_ns" : {
        "2" : 0.000000,
        "4" : 0.000000,
        "10" : 0.000000,
        "20" : 0.000000,
        "50" : 0.000000,
        "100" : 0.000000,
        "250" : 0.000000,
        "500" : 0.000000,
        "750" : 0.000000,
        "1000" : 0.000000
      },
      "latency_us" : {
        "2" : 0.000000,
        "4" : 0.000000,
        "10" : 0.000000,
        "20" : 0.000000,
        "50" : 0.000000,
        "100" : 0.000000,
        "250" : 0.115624,
        "500" : 1.344125,
        "750" : 0.173435,
        "1000" : 0.404683
      },
      "latency_ms" : {
        "2" : 0.289059,
        "4" : 16.967770,
        "10" : 62.971528,
        "20" : 10.926434,
        "50" : 6.070241,
        "100" : 0.592571,
        "250" : 0.144530,
        "500" : 0.000000,
        "750" : 0.000000,
        "1000" : 0.000000,
        "2000" : 0.000000,
        ">=2000" : 0.000000
      },
      "latency_depth" : 32,
      "latency_target" : 0,
      "latency_percentile" : 100.000000,
      "latency_window" : 0
    }
  ],
  "disk_util" : [
    {
      "name" : "sdb",
      "read_ios" : 6908,
      "write_ios" : 2160,
      "read_merges" : 0,
      "write_merges" : 1973,
      "read_ticks" : 59462,
      "write_ticks" : 21535,
      "in_queue" : 97250,
      "util" : 94.859260
    }
  ]
}
