{
  "fio version" : "fio-3.33",
  "timestamp" : 1754839470,
  "timestamp_ms" : 1754839470066,
  "time" : "Sun Aug 10 17:24:30 2025",
  "jobs" : [
    {
      "jobname" : "randread",
      "groupid" : 0,
      "error" : 0,
      "eta" : 0,
      "elapsed" : 61,
      "job options" : {
        "name" : "randread",
        "rw" : "randread",
        "bs" : "4k",
        "size" : "512M",
        "runtime" : "60",
        "numjobs" : "1",
        "iodepth" : "32"
      },
      "read" : {
        "io_bytes" : 28782592,
        "io_kbytes" : 28108,
        "bw_bytes" : 479621,
        "bw" : 468,
        "iops" : 117.095199,
        "runtime" : 60011,
        "total_ios" : 7027,
        "short_ios" : 0,
        "drop_ios" : 0,
        "slat_ns" : {
          "min" : 0,
          "max" : 0,
          "mean" : 0.000000,
          "stddev" : 0.000000,
          "N" : 0
        },
        "clat_ns" : {
          "min" : 175454,
          "max" : 234686759,
          "mean" : 8530546.558560,
          "stddev" : 8722128.059516,
          "N" : 7027,
          "percentile" : {
            "1.000000" : 321536,
            "5.000000" : 2605056,
            "10.000000" : 3096576,
            "20.000000" : 4046848,
            "30.000000" : 4947968,
            "40.000000" : 5931008,
            "50.000000" : 6914048,
            "60.000000" : 7831552,
            "70.000000" : 8847360,
            "80.000000" : 9764864,
            "90.000000" : 11337728,
            "95.000000" : 22413312,
            "99.000000" : 43253760,
            "99.500000" : 52690944,
            "99.900000" : 84410368,
            "99.950000" : 111673344,
            "99.990000" : 233832448
          }
        },
        "lat_ns" : {
          "min" : 175831,
          "max" : 234687384,
          "mean" : 8531303.029031,
          "stddev" : 8722140.970100,
          "N" : 7027
        },
        "bw_min" : 208,
        "bw_max" : 648,
        "bw_agg" : 100.000000,
        "bw_mean" : 469.647059,
        "bw_dev" : 74.556154,
        "bw_samples" : 119,
        "iops_min" : 52,
        "iops_max" : 162,
        "iops_mean" : 117.411765,
        "iops_stddev" : 18.639039,
        "iops_samples" : 119
      },
      "write" : {
        "io_bytes" : 0,
        "io_kbytes" : 0,
        "bw_bytes" : 0,
        "bw" : 0,
        "iops" : 0.000000,
        "runtime" : 0,
        "total_ios" : 0,
        "short_ios" : 0,
        "drop_ios" : 0,
        "slat_ns" : {
          "min" : 0,
          "max" : 0,
          "mean" : 0.000000,
          "stddev" : 0.000000,
          "N" : 0
        },
        "clat_ns" : {
          "min" : 0,
          "max" : 0,
          "mean" : 0.000000,
          "stddev" : 0.000000,
          "N" : 0
        },
        "lat_ns" : {
          "min" : 0,
          "max" : 0,
          "mean" : 0.000000,
          "stddev" : 0.000000,
          "N" : 0
        },
        "bw_min" : 0,
        "bw_max" : 0,
        "bw_agg" : 0.000000,
        "bw_mean" : 0.000000,
        "bw_dev" : 0.000000,
        "bw_samples" : 0,
        "iops_min" : 0,
        "iops_max" : 0,
        "iops_mean" : 0.000000,
        "iops_stddev" : 0.000000,
        "iops_samples" : 0
      },
      "trim" : {
        "io_bytes" : 0,
        "io_kbytes" : 0,
        "bw_bytes" : 0,
        "bw" : 0,
        "iops" : 0.000000,
        "runtime" : 0,
        "total_ios" : 0,
        "short_ios" : 0,
        "drop_ios" : 0,
        "slat_ns" : {
          "min" : 0,
          "max" : 0,
          "mean" : 0.000000,
          "stddev" : 0.000000,
          "N" : 0
        },
        "clat_ns" : {
          "min" : 0,
          "max" : 0,
          "mean" : 0.000000,
          "stddev" : 0.000000,
          "N" : 0
        },
        "lat_ns" : {
          "min" : 0,
          "max" : 0,
          "mean" : 0.000000,
          "stddev" : 0.000000,
          "N" : 0
        },
        "bw_min" : 0,
        "bw_max" : 0,
        "bw_agg" : 0.000000,
        "bw_mean" : 0.000000,
        "bw_dev" : 0.000000,
        "bw_samples" : 0,
        "iops_min" : 0,
        "iops_max" : 0,
        "iops_mean" : 0.000000,
        "iops_stddev" : 0.000000,
        "iops_samples" : 0
      },
      "sync" : {
        "total_ios" : 0,
        "lat_ns" : {
          "min" : 0,
          "max" : 0,
          "mean" : 0.000000,
          "stddev" : 0.000000,
          "N" : 0
        }
      },
      "job_runtime" : 60010,
      "usr_cpu" : 0.206632,
      "sys_cpu" : 0.748209,
      "ctx" : 7030,
      "majf" : 0,
      "minf" : 12,
      "iodepth_level" : {
        "1" : 100.000000,
        "2" : 0.000000,
        "4" : 0.000000,
        "8" : 0.000000,
        "16" : 0.000000,
        "32" : 0.000000,
        ">=64" : 0.000000
      },
      "iodepth_submit" : {
        "0" : 0.000000,
        "4" : 100.000000,
        "8" : 0.000000,
        "16" : 0.000000,
        "32" : 0.000000,
        "64" : 0.000000,
        ">=64" : 0.000000
      },
      "iodepth_complete" : {
        "0" : 0.000000,
        "4" : 100.000000,
        "8" : 0.000000,
        "16" : 0.000000,
        "32" : 0.000000,
        "64" : 0.000000,
        ">=64" : 0.000000
      },
      "latency_ns" : {
        "2" : 0.000000,
        "4" : 0.000000,
        "10" : 0.000000,
        "20" : 0.000000,
        "50" : 0.000000,
        "100" : 0.000000,
        "250" : 0.000000,
        "500" : 0.000000,
        "750" : 0.000000,
        "1000" : 0.000000
      },
      "latency_us" : {
        "2" : 0.000000,
        "4" : 0.000000,
        "10" : 0.000000,
        "20" : 0.000000,
        "50" : 0.000000,
        "100" : 0.000000,
        "250" : 0.099616,
        "500" : 1.351928,
        "750" : 0.128077,
        "1000" : 0.426925
      },
      "latency_ms" : {
        "2" : 0.227693,
        "4" : 17.304682,
        "10" : 63.099473,
        "20" : 11.085812,
        "50" : 5.635406,
        "100" : 0.555002,
        "250" : 0.085385,
        "500" : 0.000000,
        "750" : 0.000000,
        "1000" : 0.000000,
        "2000" : 0.000000,
        ">=2000" : 0.000000
      },
      "latency_depth" : 32,
      "latency_target" : 0,
      "latency_percentile" : 100.000000,
      "latency_window" : 0
    }
  ],
  "disk_util" : [
    {
      "name" : "sdb",
      "read_ios" : 7027,
      "write_ios" : 1877,
      "read_merges" : 0,
      "write_merges" : 288,
      "read_ticks" : 59546,
      "write_ticks" : 18877,
      "in_queue" : 94146,
      "util" : 95.765059
    }
  ]
}
