{
  "fio version" : "fio-3.33",
  "timestamp" : 1754844727,
  "timestamp_ms" : 1754844727134,
  "time" : "Sun Aug 10 18:52:07 2025",
  "jobs" : [
    {
      "jobname" : "randread",
      "groupid" : 0,
      "error" : 0,
      "eta" : 0,
      "elapsed" : 61,
      "job options" : {
        "name" : "randread",
        "rw" : "randread",
        "bs" : "4k",
        "size" : "512M",
        "runtime" : "60",
        "numjobs" : "1",
        "iodepth" : "32"
      },
      "read" : {
        "io_bytes" : 29097984,
        "io_kbytes" : 28416,
        "bw_bytes" : 484917,
        "bw" : 473,
        "iops" : 118.388161,
        "runtime" : 60006,
        "total_ios" : 7104,
        "short_ios" : 0,
        "drop_ios" : 0,
        "slat_ns" : {
          "min" : 0,
          "max" : 0,
          "mean" : 0.000000,
          "stddev" : 0.000000,
          "N" : 0
        },
        "clat_ns" : {
          "min" : 177629,
          "max" : 123312608,
          "mean" : 8437196.265907,
          "stddev" : 8095673.899095,
          "N" : 7104,
          "percentile" : {
            "1.000000" : 321536,
            "5.000000" : 2605056,
            "10.000000" : 3129344,
            "20.000000" : 4046848,
            "30.000000" : 4947968,
            "40.000000" : 5996544,
            "50.000000" : 6914048,
            "60.000000" : 7831552,
            "70.000000" : 8847360,
            "80.000000" : 9764864,
            "90.000000" : 10944512,
            "95.000000" : 22937600,
            "99.000000" : 41156608,
            "99.500000" : 50593792,
            "99.900000" : 89653248,
            "99.950000" : 106430464,
            "99.990000" : 123207680
          }
        },
        "lat_ns" : {
          "min" : 178050,
          "max" : 123313452,
          "mean" : 8437940.786881,
          "stddev" : 8095683.407403,
          "N" : 7104
        },
        "bw_min" : 192,
        "bw_max" : 672,
        "bw_agg" : 100.000000,
        "bw_mean" : 474.151261,
        "bw_dev" : 99.472221,
        "bw_samples" : 119,
        "iops_min" : 48,
        "iops_max" : 168,
        "iops_mean" : 118.537815,
        "iops_stddev" : 24.868055,
        "iops_samples" : 119
      },
      "write" : {
        "io_bytes" : 0,
        "io_kbytes" : 0,
        "bw_bytes" : 0,
        "bw" : 0,
        "iops" : 0.000000,
        "runtime" : 0,
        "total_ios" : 0,
        "short_ios" : 0,
        "drop_ios" : 0,
        "slat_ns" : {
          "min" : 0,
          "max" : 0,
          "mean" : 0.000000,
          "stddev" : 0.000000,
          "N" : 0
        },
        "clat_ns" : {
          "min" : 0,
          "max" : 0,
          "mean" : 0.000000,
          "stddev" : 0.000000,
          "N" : 0
        },
        "lat_ns" : {
          "min" : 0,
          "max" : 0,
          "mean" : 0.000000,
          "stddev" : 0.000000,
          "N" : 0
        },
        "bw_min" : 0,
        "bw_max" : 0,
        "bw_agg" : 0.000000,
        "bw_mean" : 0.000000,
        "bw_dev" : 0.000000,
        "bw_samples" : 0,
        "iops_min" : 0,
        "iops_max" : 0,
        "iops_mean" : 0.000000,
        "iops_stddev" : 0.000000,
        "iops_samples" : 0
      },
      "trim" : {
        "io_bytes" : 0,
        "io_kbytes" : 0,
        "bw_bytes" : 0,
        "bw" : 0,
        "iops" : 0.000000,
        "runtime" : 0,
        "total_ios" : 0,
        "short_ios" : 0,
        "drop_ios" : 0,
        "slat_ns" : {
          "min" : 0,
          "max" : 0,
          "mean" : 0.000000,
          "stddev" : 0.000000,
          "N" : 0
        },
        "clat_ns" : {
          "min" : 0,
          "max" : 0,
          "mean" : 0.000000,
          "stddev" : 0.000000,
          "N" : 0
        },
        "lat_ns" : {
          "min" : 0,
          "max" : 0,
          "mean" : 0.000000,
          "stddev" : 0.000000,
          "N" : 0
        },
        "bw_min" : 0,
        "bw_max" : 0,
        "bw_agg" : 0.000000,
        "bw_mean" : 0.000000,
        "bw_dev" : 0.000000,
        "bw_samples" : 0,
        "iops_min" : 0,
        "iops_max" : 0,
        "iops_mean" : 0.000000,
        "iops_stddev" : 0.000000,
        "iops_samples" : 0
      },
      "sync" : {
        "total_ios" : 0,
        "lat_ns" : {
          "min" : 0,
          "max" : 0,
          "mean" : 0.000000,
          "stddev" : 0.000000,
          "N" : 0
        }
      },
      "job_runtime" : 60005,
      "usr_cpu" : 0.209983,
      "sys_cpu" : 0.756604,
      "ctx" : 7105,
      "majf" : 0,
      "minf" : 11,
      "iodepth_level" : {
        "1" : 100.000000,
        "2" : 0.000000,
        "4" : 0.000000,
        "8" : 0.000000,
        "16" : 0.000000,
        "32" : 0.000000,
        ">=64" : 0.000000
      },
      "iodepth_submit" : {
        "0" : 0.000000,
        "4" : 100.000000,
        "8" : 0.000000,
        "16" : 0.000000,
        "32" : 0.000000,
        "64" : 0.000000,
        ">=64" : 0.000000
      },
      "iodepth_complete" : {
        "0" : 0.000000,
        "4" : 100.000000,
        "8" : 0.000000,
        "16" : 0.000000,
        "32" : 0.000000,
        "64" : 0.000000,
        ">=64" : 0.000000
      },
      "latency_ns" : {
        "2" : 0.000000,
        "4" : 0.000000,
        "10" : 0.000000,
        "20" : 0.000000,
        "50" : 0.000000,
        "100" : 0.000000,
        "250" : 0.000000,
        "500" : 0.000000,
        "750" : 0.000000,
        "1000" : 0.000000
      },
      "latency_us" : {
        "2" : 0.000000,
        "4" : 0.000000,
        "10" : 0.000000,
        "20" : 0.000000,
        "50" : 0.000000,
        "100" : 0.000000,
        "250" : 0.112613,
        "500" : 1.280968,
        "750" : 0.112613,
        "1000" : 0.436374
      },
      "latency_ms" : {
        "2" : 0.253378,
        "4" : 17.412725,
        "10" : 63.330518,
        "20" : 10.796734,
        "50" : 5.715090,
        "100" : 0.464527,
        "250" : 0.084459,
        "500" : 0.000000,
        "750" : 0.000000,
        "1000" : 0.000000,
        "2000" : 0.000000,
        ">=2000" : 0.000000
      },
      "latency_depth" : 32,
      "latency_target" : 0,
      "latency_percentile" : 100.000000,
      "latency_window" : 0
    }
  ],
  "disk_util" : [
    {
      "name" : "sdb",
      "read_ios" : 7101,
      "write_ios" : 1861,
      "read_merges" : 0,
      "write_merges" : 297,
      "read_ticks" : 59423,
      "write_ticks" : 19727,
      "in_queue" : 94110,
      "util" : 95.171033
    }
  ]
}
