{
  "fio version" : "fio-3.33",
  "timestamp" : 1754841826,
  "timestamp_ms" : 1754841826727,
  "time" : "Sun Aug 10 18:03:46 2025",
  "jobs" : [
    {
      "jobname" : "randread",
      "groupid" : 0,
      "error" : 0,
      "eta" : 0,
      "elapsed" : 61,
      "job options" : {
        "name" : "randread",
        "rw" : "randread",
        "bs" : "4k",
        "size" : "512M",
        "runtime" : "60",
        "numjobs" : "1",
        "iodepth" : "32"
      },
      "read" : {
        "io_bytes" : 28639232,
        "io_kbytes" : 27968,
        "bw_bytes" : 477248,
        "bw" : 466,
        "iops" : 116.515856,
        "runtime" : 60009,
        "total_ios" : 6992,
        "short_ios" : 0,
        "drop_ios" : 0,
        "slat_ns" : {
          "min" : 0,
          "max" : 0,
          "mean" : 0.000000,
          "stddev" : 0.000000,
          "N" : 0
        },
        "clat_ns" : {
          "min" : 176814,
          "max" : 131086776,
          "mean" : 8573610.958381,
          "stddev" : 8388157.172915,
          "N" : 6992,
          "percentile" : {
            "1.000000" : 321536,
            "5.000000" : 2637824,
            "10.000000" : 3129344,
            "20.000000" : 4079616,
            "30.000000" : 5013504,
            "40.000000" : 5996544,
            "50.000000" : 6979584,
            "60.000000" : 7897088,
            "70.000000" : 8847360,
            "80.000000" : 9764864,
            "90.000000" : 11599872,
            "95.000000" : 23461888,
            "99.000000" : 42729472,
            "99.500000" : 50593792,
            "99.900000" : 96993280,
            "99.950000" : 112721920,
            "99.990000" : 131596288
          }
        },
        "lat_ns" : {
          "min" : 177262,
          "max" : 131087529,
          "mean" : 8574354.736699,
          "stddev" : 8388183.798928,
          "N" : 6992
        },
        "bw_min" : 232,
        "bw_max" : 656,
        "bw_agg" : 99.986590,
        "bw_mean" : 466.890756,
        "bw_dev" : 87.236945,
        "bw_samples" : 119,
        "iops_min" : 58,
        "iops_max" : 164,
        "iops_mean" : 116.722689,
        "iops_stddev" : 21.809236,
        "iops_samples" : 119
      },
      "write" : {
        "io_bytes" : 0,
        "io_kbytes" : 0,
        "bw_bytes" : 0,
        "bw" : 0,
        "iops" : 0.000000,
        "runtime" : 0,
        "total_ios" : 0,
        "short_ios" : 0,
        "drop_ios" : 0,
        "slat_ns" : {
          "min" : 0,
          "max" : 0,
          "mean" : 0.000000,
          "stddev" : 0.000000,
          "N" : 0
        },
        "clat_ns" : {
          "min" : 0,
          "max" : 0,
          "mean" : 0.000000,
          "stddev" : 0.000000,
          "N" : 0
        },
        "lat_ns" : {
          "min" : 0,
          "max" : 0,
          "mean" : 0.000000,
          "stddev" : 0.000000,
          "N" : 0
        },
        "bw_min" : 0,
        "bw_max" : 0,
        "bw_agg" : 0.000000,
        "bw_mean" : 0.000000,
        "bw_dev" : 0.000000,
        "bw_samples" : 0,
        "iops_min" : 0,
        "iops_max" : 0,
        "iops_mean" : 0.000000,
        "iops_stddev" : 0.000000,
        "iops_samples" : 0
      },
      "trim" : {
        "io_bytes" : 0,
        "io_kbytes" : 0,
        "bw_bytes" : 0,
        "bw" : 0,
        "iops" : 0.000000,
        "runtime" : 0,
        "total_ios" : 0,
        "short_ios" : 0,
        "drop_ios" : 0,
        "slat_ns" : {
          "min" : 0,
          "max" : 0,
          "mean" : 0.000000,
          "stddev" : 0.000000,
          "N" : 0
        },
        "clat_ns" : {
          "min" : 0,
          "max" : 0,
          "mean" : 0.000000,
          "stddev" : 0.000000,
          "N" : 0
        },
        "lat_ns" : {
          "min" : 0,
          "max" : 0,
          "mean" : 0.000000,
          "stddev" : 0.000000,
          "N" : 0
        },
        "bw_min" : 0,
        "bw_max" : 0,
        "bw_agg" : 0.000000,
        "bw_mean" : 0.000000,
        "bw_dev" : 0.000000,
        "bw_samples" : 0,
        "iops_min" : 0,
        "iops_max" : 0,
        "iops_mean" : 0.000000,
        "iops_stddev" : 0.000000,
        "iops_samples" : 0
      },
      "sync" : {
        "total_ios" : 0,
        "lat_ns" : {
          "min" : 0,
          "max" : 0,
          "mean" : 0.000000,
          "stddev" : 0.000000,
          "N" : 0
        }
      },
      "job_runtime" : 60008,
      "usr_cpu" : 0.203306,
      "sys_cpu" : 0.738235,
      "ctx" : 6994,
      "majf" : 0,
      "minf" : 13,
      "iodepth_level" : {
        "1" : 100.000000,
        "2" : 0.000000,
        "4" : 0.000000,
        "8" : 0.000000,
        "16" : 0.000000,
        "32" : 0.000000,
        ">=64" : 0.000000
      },
      "iodepth_submit" : {
        "0" : 0.000000,
        "4" : 100.000000,
        "8" : 0.000000,
        "16" : 0.000000,
        "32" : 0.000000,
        "64" : 0.000000,
        ">=64" : 0.000000
      },
      "iodepth_complete" : {
        "0" : 0.000000,
        "4" : 100.000000,
        "8" : 0.000000,
        "16" : 0.000000,
        "32" : 0.000000,
        "64" : 0.000000,
        ">=64" : 0.000000
      },
      "latency_ns" : {
        "2" : 0.000000,
        "4" : 0.000000,
        "10" : 0.000000,
        "20" : 0.000000,
        "50" : 0.000000,
        "100" : 0.000000,
        "250" : 0.000000,
        "500" : 0.000000,
        "750" : 0.000000,
        "1000" : 0.000000
      },
      "latency_us" : {
        "2" : 0.000000,
        "4" : 0.000000,
        "10" : 0.000000,
        "20" : 0.000000,
        "50" : 0.000000,
        "100" : 0.000000,
        "250" : 0.171625,
        "500" : 1.158467,
        "750" : 0.100114,
        "1000" : 0.400458
      },
      "latency_ms" : {
        "2" : 0.243135,
        "4" : 17.233982,
        "10" : 63.086384,
        "20" : 11.055492,
        "50" : 6.035469,
        "100" : 0.429062,
        "250" : 0.085812,
        "500" : 0.000000,
        "750" : 0.000000,
        "1000" : 0.000000,
        "2000" : 0.000000,
        ">=2000" : 0.000000
      },
      "latency_depth" : 32,
      "latency_target" : 0,
      "latency_percentile" : 100.000000,
      "latency_window" : 0
    }
  ],
  "disk_util" : [
    {
      "name" : "sdb",
      "read_ios" : 6997,
      "write_ios" : 1922,
      "read_merges" : 1,
      "write_merges" : 321,
      "read_ticks" : 59915,
      "write_ticks" : 19788,
      "in_queue" : 95172,
      "util" : 94.942517
    }
  ]
}
