{
  "fio version" : "fio-3.33",
  "timestamp" : 1754837621,
  "timestamp_ms" : 1754837621197,
  "time" : "Sun Aug 10 16:53:41 2025",
  "jobs" : [
    {
      "jobname" : "seqread",
      "groupid" : 0,
      "error" : 0,
      "eta" : 0,
      "elapsed" : 9,
      "job options" : {
        "name" : "seqread",
        "rw" : "read",
        "bs" : "1M",
        "size" : "512M",
        "runtime" : "60",
        "numjobs" : "1"
      },
      "read" : {
        "io_bytes" : 536870912,
        "io_kbytes" : 524288,
        "bw_bytes" : 63700867,
        "bw" : 62207,
        "iops" : 60.749881,
        "runtime" : 8428,
        "total_ios" : 512,
        "short_ios" : 0,
        "drop_ios" : 0,
        "slat_ns" : {
          "min" : 0,
          "max" : 0,
          "mean" : 0.000000,
          "stddev" : 0.000000,
          "N" : 0
        },
        "clat_ns" : {
          "min" : 1108017,
          "max" : 102269046,
          "mean" : 16319382.007812,
          "stddev" : 14057907.299481,
          "N" : 512,
          "percentile" : {
            "1.000000" : 9633792,
            "5.000000" : 9764864,
            "10.000000" : 9764864,
            "20.000000" : 9895936,
            "30.000000" : 9895936,
            "40.000000" : 10420224,
            "50.000000" : 10551296,
            "60.000000" : 10551296,
            "70.000000" : 11075584,
            "80.000000" : 19529728,
            "90.000000" : 35389440,
            "95.000000" : 51118080,
            "99.000000" : 69730304,
            "99.500000" : 85458944,
            "99.900000" : 102236160,
            "99.950000" : 102236160,
            "99.990000" : 102236160
          }
        },
        "lat_ns" : {
          "min" : 1109073,
          "max" : 102269861,
          "mean" : 16320193.171875,
          "stddev" : 14057897.944439,
          "N" : 512
        },
        "bw_min" : 40960,
        "bw_max" : 81920,
        "bw_agg" : 100.000000,
        "bw_mean" : 62336.000000,
        "bw_dev" : 11291.118870,
        "bw_samples" : 16,
        "iops_min" : 40,
        "iops_max" : 80,
        "iops_mean" : 60.875000,
        "iops_stddev" : 11.026483,
        "iops_samples" : 16
      },
      "write" : {
        "io_bytes" : 0,
        "io_kbytes" : 0,
        "bw_bytes" : 0,
        "bw" : 0,
        "iops" : 0.000000,
        "runtime" : 0,
        "total_ios" : 0,
        "short_ios" : 0,
        "drop_ios" : 0,
        "slat_ns" : {
          "min" : 0,
          "max" : 0,
          "mean" : 0.000000,
          "stddev" : 0.000000,
          "N" : 0
        },
        "clat_ns" : {
          "min" : 0,
          "max" : 0,
          "mean" : 0.000000,
          "stddev" : 0.000000,
          "N" : 0
        },
        "lat_ns" : {
          "min" : 0,
          "max" : 0,
          "mean" : 0.000000,
          "stddev" : 0.000000,
          "N" : 0
        },
        "bw_min" : 0,
        "bw_max" : 0,
        "bw_agg" : 0.000000,
        "bw_mean" : 0.000000,
        "bw_dev" : 0.000000,
        "bw_samples" : 0,
        "iops_min" : 0,
        "iops_max" : 0,
        "iops_mean" : 0.000000,
        "iops_stddev" : 0.000000,
        "iops_samples" : 0
      },
      "trim" : {
        "io_bytes" : 0,
        "io_kbytes" : 0,
        "bw_bytes" : 0,
        "bw" : 0,
        "iops" : 0.000000,
        "runtime" : 0,
        "total_ios" : 0,
        "short_ios" : 0,
        "drop_ios" : 0,
        "slat_ns" : {
          "min" : 0,
          "max" : 0,
          "mean" : 0.000000,
          "stddev" : 0.000000,
          "N" : 0
        },
        "clat_ns" : {
          "min" : 0,
          "max" : 0,
          "mean" : 0.000000,
          "stddev" : 0.000000,
          "N" : 0
        },
        "lat_ns" : {
          "min" : 0,
          "max" : 0,
          "mean" : 0.000000,
          "stddev" : 0.000000,
          "N" : 0
        },
        "bw_min" : 0,
        "bw_max" : 0,
        "bw_agg" : 0.000000,
        "bw_mean" : 0.000000,
        "bw_dev" : 0.000000,
        "bw_samples" : 0,
        "iops_min" : 0,
        "iops_max" : 0,
        "iops_mean" : 0.000000,
        "iops_stddev" : 0.000000,
        "iops_samples" : 0
      },
      "sync" : {
        "total_ios" : 0,
        "lat_ns" : {
          "min" : 0,
          "max" : 0,
          "mean" : 0.000000,
          "stddev" : 0.000000,
          "N" : 0
        }
      },
      "job_runtime" : 8427,
      "usr_cpu" : 0.000000,
      "sys_cpu" : 7.475970,
      "ctx" : 531,
      "majf" : 0,
      "minf" : 267,
      "iodepth_level" : {
        "1" : 100.000000,
        "2" : 0.000000,
        "4" : 0.000000,
        "8" : 0.000000,
        "16" : 0.000000,
        "32" : 0.000000,
        ">=64" : 0.000000
      },
      "iodepth_submit" : {
        "0" : 0.000000,
        "4" : 100.000000,
        "8" : 0.000000,
        "16" : 0.000000,
        "32" : 0.000000,
        "64" : 0.000000,
        ">=64" : 0.000000
      },
      "iodepth_complete" : {
        "0" : 0.000000,
        "4" : 100.000000,
        "8" : 0.000000,
        "16" : 0.000000,
        "32" : 0.000000,
        "64" : 0.000000,
        ">=64" : 0.000000
      },
      "latency_ns" : {
        "2" : 0.000000,
        "4" : 0.000000,
        "10" : 0.000000,
        "20" : 0.000000,
        "50" : 0.000000,
        "100" : 0.000000,
        "250" : 0.000000,
        "500" : 0.000000,
        "750" : 0.000000,
        "1000" : 0.000000
      },
      "latency_us" : {
        "2" : 0.000000,
        "4" : 0.000000,
        "10" : 0.000000,
        "20" : 0.000000,
        "50" : 0.000000,
        "100" : 0.000000,
        "250" : 0.000000,
        "500" : 0.000000,
        "750" : 0.000000,
        "1000" : 0.000000
      },
      "latency_ms" : {
        "2" : 0.195312,
        "4" : 0.000000,
        "10" : 31.640625,
        "20" : 48.242188,
        "50" : 14.648438,
        "100" : 5.078125,
        "250" : 0.195312,
        "500" : 0.000000,
        "750" : 0.000000,
        "1000" : 0.000000,
        "2000" : 0.000000,
        ">=2000" : 0.000000
      },
      "latency_depth" : 1,
      "latency_target" : 0,
      "latency_percentile" : 100.000000,
      "latency_window" : 0
    }
  ],
  "disk_util" : [
    {
      "name" : "sdb",
      "read_ios" : 589,
      "write_ios" : 305,
      "read_merges" : 0,
      "write_merges" : 52,
      "read_ticks" : 18395,
      "write_ticks" : 7367,
      "in_queue" : 29745,
      "util" : 88.962186
    }
  ]
}
