{
    "count": 100,
    "min": 2855.305824,
    "max": 3535.763863,
    "avg": 2961.4,
    "median": 2939.79,
    "stddev": 100.225,
    "p95": 3139.747597,
    "p99": 3463.067665
}
