{
    "count": 100,
    "min": 11014.453782,
    "max": 287438.596491,
    "avg": 14713.2,
    "median": 11873.5,
    "stddev": 27414.9,
    "p95": 12946.661399,
    "p99": 14148.531952
}
