{
    "count": 100,
    "min": 64.418722,
    "max": 2226.086957,
    "avg": 98.0534,
    "median": 76.9693,
    "stddev": 213.905,
    "p95": 82.381335,
    "p99": 83.893167
}
