{
  "fio version" : "fio-3.33",
  "timestamp" : 1754857911,
  "timestamp_ms" : 1754857911108,
  "time" : "Sun Aug 10 20:31:51 2025",
  "jobs" : [
    {
      "jobname" : "randwrite",
      "groupid" : 0,
      "error" : 0,
      "eta" : 0,
      "elapsed" : 5,
      "job options" : {
        "name" : "randwrite",
        "rw" : "randwrite",
        "bs" : "4k",
        "size" : "512M",
        "runtime" : "60",
        "numjobs" : "1",
        "iodepth" : "32"
      },
      "read" : {
        "io_bytes" : 0,
        "io_kbytes" : 0,
        "bw_bytes" : 0,
        "bw" : 0,
        "iops" : 0.000000,
        "runtime" : 0,
        "total_ios" : 0,
        "short_ios" : 0,
        "drop_ios" : 0,
        "slat_ns" : {
          "min" : 0,
          "max" : 0,
          "mean" : 0.000000,
          "stddev" : 0.000000,
          "N" : 0
        },
        "clat_ns" : {
          "min" : 0,
          "max" : 0,
          "mean" : 0.000000,
          "stddev" : 0.000000,
          "N" : 0
        },
        "lat_ns" : {
          "min" : 0,
          "max" : 0,
          "mean" : 0.000000,
          "stddev" : 0.000000,
          "N" : 0
        },
        "bw_min" : 0,
        "bw_max" : 0,
        "bw_agg" : 0.000000,
        "bw_mean" : 0.000000,
        "bw_dev" : 0.000000,
        "bw_samples" : 0,
        "iops_min" : 0,
        "iops_max" : 0,
        "iops_mean" : 0.000000,
        "iops_stddev" : 0.000000,
        "iops_samples" : 0
      },
      "write" : {
        "io_bytes" : 536870912,
        "io_kbytes" : 524288,
        "bw_bytes" : 124275674,
        "bw" : 121362,
        "iops" : 30340.740741,
        "runtime" : 4320,
        "total_ios" : 131072,
        "short_ios" : 0,
        "drop_ios" : 0,
        "slat_ns" : {
          "min" : 0,
          "max" : 0,
          "mean" : 0.000000,
          "stddev" : 0.000000,
          "N" : 0
        },
        "clat_ns" : {
          "min" : 2776,
          "max" : 22038882,
          "mean" : 16295.910767,
          "stddev" : 283910.941564,
          "N" : 131072,
          "percentile" : {
            "1.000000" : 3120,
            "5.000000" : 3280,
            "10.000000" : 3440,
            "20.000000" : 3696,
            "30.000000" : 3984,
            "40.000000" : 4320,
            "50.000000" : 4832,
            "60.000000" : 5472,
            "70.000000" : 6240,
            "80.000000" : 7072,
            "90.000000" : 9024,
            "95.000000" : 14656,
            "99.000000" : 107008,
            "99.500000" : 232448,
            "99.900000" : 1253376,
            "99.950000" : 4620288,
            "99.990000" : 14483456
          }
        },
        "lat_ns" : {
          "min" : 2829,
          "max" : 22039014,
          "mean" : 16459.668045,
          "stddev" : 283944.635143,
          "N" : 131072
        },
        "bw_min" : 40160,
        "bw_max" : 443648,
        "bw_agg" : 100.000000,
        "bw_mean" : 183924.200000,
        "bw_dev" : 153795.222930,
        "bw_samples" : 5,
        "iops_min" : 10040,
        "iops_max" : 110912,
        "iops_mean" : 45981.000000,
        "iops_stddev" : 38448.834703,
        "iops_samples" : 5
      },
      "trim" : {
        "io_bytes" : 0,
        "io_kbytes" : 0,
        "bw_bytes" : 0,
        "bw" : 0,
        "iops" : 0.000000,
        "runtime" : 0,
        "total_ios" : 0,
        "short_ios" : 0,
        "drop_ios" : 0,
        "slat_ns" : {
          "min" : 0,
          "max" : 0,
          "mean" : 0.000000,
          "stddev" : 0.000000,
          "N" : 0
        },
        "clat_ns" : {
          "min" : 0,
          "max" : 0,
          "mean" : 0.000000,
          "stddev" : 0.000000,
          "N" : 0
        },
        "lat_ns" : {
          "min" : 0,
          "max" : 0,
          "mean" : 0.000000,
          "stddev" : 0.000000,
          "N" : 0
        },
        "bw_min" : 0,
        "bw_max" : 0,
        "bw_agg" : 0.000000,
        "bw_mean" : 0.000000,
        "bw_dev" : 0.000000,
        "bw_samples" : 0,
        "iops_min" : 0,
        "iops_max" : 0,
        "iops_mean" : 0.000000,
        "iops_stddev" : 0.000000,
        "iops_samples" : 0
      },
      "sync" : {
        "total_ios" : 0,
        "lat_ns" : {
          "min" : 0,
          "max" : 0,
          "mean" : 0.000000,
          "stddev" : 0.000000,
          "N" : 0
        }
      },
      "job_runtime" : 4319,
      "usr_cpu" : 9.330864,
      "sys_cpu" : 31.951841,
      "ctx" : 3389,
      "majf" : 0,
      "minf" : 11,
      "iodepth_level" : {
        "1" : 100.000000,
        "2" : 0.000000,
        "4" : 0.000000,
        "8" : 0.000000,
        "16" : 0.000000,
        "32" : 0.000000,
        ">=64" : 0.000000
      },
      "iodepth_submit" : {
        "0" : 0.000000,
        "4" : 100.000000,
        "8" : 0.000000,
        "16" : 0.000000,
        "32" : 0.000000,
        "64" : 0.000000,
        ">=64" : 0.000000
      },
      "iodepth_complete" : {
        "0" : 0.000000,
        "4" : 100.000000,
        "8" : 0.000000,
        "16" : 0.000000,
        "32" : 0.000000,
        "64" : 0.000000,
        ">=64" : 0.000000
      },
      "latency_ns" : {
        "2" : 0.000000,
        "4" : 0.000000,
        "10" : 0.000000,
        "20" : 0.000000,
        "50" : 0.000000,
        "100" : 0.000000,
        "250" : 0.000000,
        "500" : 0.000000,
        "750" : 0.000000,
        "1000" : 0.000000
      },
      "latency_us" : {
        "2" : 0.000000,
        "4" : 30.442810,
        "10" : 61.465454,
        "20" : 4.268646,
        "50" : 1.544952,
        "100" : 1.206970,
        "250" : 0.604248,
        "500" : 0.231171,
        "750" : 0.073242,
        "1000" : 0.041962
      },
      "latency_ms" : {
        "2" : 0.047302,
        "4" : 0.022125,
        "10" : 0.017548,
        "20" : 0.032043,
        "50" : 0.010000,
        "100" : 0.000000,
        "250" : 0.000000,
        "500" : 0.000000,
        "750" : 0.000000,
        "1000" : 0.000000,
        "2000" : 0.000000,
        ">=2000" : 0.000000
      },
      "latency_depth" : 32,
      "latency_target" : 0,
      "latency_percentile" : 100.000000,
      "latency_window" : 0
    }
  ]
}
